"x","y"
"3477.526123","4.93E-15"
"3479.381536","1.78E-15"
"3481.236948","1.60E-15"
"3483.092361","8.13E-17"
"3484.947773","-1.94E-16"
"3486.803186","-1.55E-15"
"3488.658598","4.98E-16"
"3490.514011","6.46E-15"
"3492.369423","2.51E-15"
"3494.224836","2.65E-15"
"3496.080248","2.45E-15"
"3497.935661","1.86E-15"
"3499.791073","4.38E-15"
"3501.646485","3.71E-15"
"3503.501898","2.34E-15"
"3505.35731","-5.74E-16"
"3507.212723","-2.28E-16"
"3509.068135","-1.30E-15"
"3510.923548","1.39E-15"
"3512.77896","-8.92E-16"
"3514.634373","5.30E-16"
"3516.489785","1.51E-15"
"3518.345198","2.77E-15"
"3520.20061","1.19E-15"
"3522.056023","1.18E-15"
"3523.911435","2.48E-15"
"3525.766848","2.58E-15"
"3527.62226","4.60E-15"
"3529.477673","4.10E-15"
"3531.333085","1.12E-16"
"3533.188498","3.20E-15"
"3535.04391","2.42E-15"
"3536.899323","4.02E-15"
"3538.754735","3.60E-15"
"3540.610148","8.90E-16"
"3542.46556","3.97E-15"
"3544.320973","3.24E-15"
"3546.176385","2.76E-15"
"3548.031798","3.80E-15"
"3549.88721","1.75E-15"
"3551.742623","2.41E-15"
"3553.598035","5.35E-15"
"3555.453448","2.95E-15"
"3557.30886","1.77E-15"
"3559.164273","1.96E-15"
"3561.019685","1.80E-15"
"3562.875098","4.02E-15"
"3564.73051","4.38E-16"
"3566.585923","1.60E-15"
"3568.441335","4.05E-15"
"3570.296748","2.24E-15"
"3572.15216","1.67E-15"
"3574.007573","1.19E-15"
"3575.862985","1.20E-15"
"3577.718398","2.40E-15"
"3579.57381","1.25E-15"
"3581.429223","3.49E-16"
"3583.284635","6.70E-17"
"3585.140048","1.53E-16"
"3586.99546","1.98E-15"
"3588.850873","1.69E-15"
"3590.706285","2.75E-15"
"3592.561698","3.17E-15"
"3594.41711","8.41E-16"
"3596.272523","2.59E-15"
"3598.127935","1.38E-15"
"3599.983348","9.02E-16"
"3601.83876","1.11E-15"
"3603.694173","2.50E-15"
"3605.549585","2.88E-15"
"3607.404998","2.68E-15"
"3609.26041","1.28E-15"
"3611.115823","3.71E-16"
"3612.971235","2.20E-15"
"3614.826648","2.90E-15"
"3616.68206","2.31E-15"
"3618.537473","1.98E-15"
"3620.392885","2.74E-15"
"3622.248298","1.50E-15"
"3624.10371","1.82E-15"
"3625.959123","3.05E-15"
"3627.814535","2.32E-15"
"3629.669948","3.34E-15"
"3631.52536","2.20E-15"
"3633.380773","7.81E-16"
"3635.236185","2.01E-15"
"3637.091598","1.38E-15"
"3638.94701","4.85E-16"
"3640.802423","2.05E-15"
"3642.657835","1.22E-15"
"3644.513248","1.13E-15"
"3646.36866","3.18E-15"
"3648.224073","1.66E-15"
"3650.079485","2.16E-15"
"3651.934898","1.97E-15"
"3653.79031","-7.21E-16"
"3655.645723","1.14E-15"
"3657.501135","1.97E-15"
"3659.356548","1.01E-15"
"3661.21196","1.30E-15"
"3663.067373","2.40E-15"
"3664.922785","1.84E-15"
"3666.778198","1.30E-15"
"3668.63361","1.01E-15"
"3670.489023","5.99E-16"
"3672.344435","1.33E-15"
"3674.199848","2.08E-15"
"3676.05526","1.67E-15"
"3677.910673","2.54E-16"
"3679.766085","1.19E-15"
"3681.621498","1.95E-15"
"3683.47691","1.41E-15"
"3685.332323","1.89E-15"
"3687.187735","2.16E-15"
"3689.043148","2.00E-15"
"3690.89856","1.40E-15"
"3692.753973","1.76E-15"
"3694.609385","1.58E-15"
"3696.464798","1.27E-15"
"3698.32021","1.82E-15"
"3700.175623","2.32E-15"
"3702.031035","1.77E-15"
"3703.886448","1.40E-15"
"3705.74186","1.67E-15"
"3707.597273","2.07E-15"
"3709.452685","1.22E-15"
"3711.308098","1.23E-16"
"3713.16351","1.61E-15"
"3715.018923","1.47E-15"
"3716.874335","1.21E-15"
"3718.729748","1.11E-15"
"3720.58516","1.33E-15"
"3722.440573","1.26E-15"
"3724.295985","1.77E-15"
"3726.151398","2.06E-15"
"3728.00681","1.73E-15"
"3729.862223","1.68E-15"
"3731.717635","1.46E-15"
"3733.573048","1.11E-15"
"3735.42846","1.22E-15"
"3737.283872","1.33E-15"
"3739.139285","1.24E-15"
"3740.994697","1.13E-15"
"3742.85011","1.07E-15"
"3744.705522","1.16E-15"
"3746.560935","1.81E-15"
"3748.416347","1.61E-15"
"3750.27176","2.75E-15"
"3752.127172","2.16E-15"
"3753.982585","8.86E-16"
"3755.837997","9.14E-16"
"3757.69341","9.67E-16"
"3759.548822","5.62E-16"
"3761.404235","1.22E-15"
"3763.259647","1.44E-15"
"3765.11506","1.51E-15"
"3766.970472","8.19E-16"
"3768.825885","1.21E-15"
"3770.681297","2.05E-15"
"3772.53671","1.15E-15"
"3774.392122","1.00E-15"
"3776.247535","1.39E-15"
"3778.102947","9.09E-16"
"3779.95836","1.40E-15"
"3781.813772","1.36E-15"
"3783.669185","5.95E-16"
"3785.524597","6.47E-16"
"3787.38001","1.26E-15"
"3789.235422","1.71E-15"
"3791.090835","1.67E-15"
"3792.946247","9.51E-16"
"3794.80166","8.73E-16"
"3796.657072","1.56E-15"
"3798.512485","1.70E-15"
"3800.367897","1.76E-15"
"3802.22331","1.52E-15"
"3804.078722","1.70E-15"
"3805.934135","1.56E-15"
"3807.789547","8.87E-16"
"3809.64496","1.54E-15"
"3811.500372","1.37E-15"
"3813.355785","1.16E-15"
"3815.211197","1.50E-15"
"3817.06661","1.40E-15"
"3818.922022","1.14E-15"
"3820.777435","1.60E-15"
"3822.632847","1.61E-15"
"3824.48826","6.22E-16"
"3826.343672","8.52E-16"
"3828.199085","8.98E-16"
"3830.054497","7.28E-16"
"3831.90991","1.05E-15"
"3833.765322","1.78E-15"
"3835.620735","2.23E-15"
"3837.476147","1.98E-15"
"3839.33156","1.39E-15"
"3841.186972","9.89E-16"
"3843.042385","9.13E-16"
"3844.897797","1.14E-15"
"3846.75321","8.59E-16"
"3848.608622","7.48E-16"
"3850.464035","1.30E-15"
"3852.319447","7.74E-16"
"3854.17486","1.07E-15"
"3856.030272","1.63E-15"
"3857.885685","2.36E-15"
"3859.741097","1.50E-15"
"3861.59651","1.39E-15"
"3863.451922","1.25E-15"
"3865.307335","2.00E-15"
"3867.162747","3.69E-15"
"3869.01816","4.77E-15"
"3870.873572","5.25E-15"
"3872.728985","3.54E-15"
"3874.584397","2.36E-15"
"3876.43981","1.38E-15"
"3878.295222","8.57E-16"
"3880.150635","1.01E-15"
"3882.006047","1.72E-15"
"3883.86146","9.78E-16"
"3885.716872","9.62E-16"
"3887.572285","2.14E-15"
"3889.427697","2.92E-15"
"3891.28311","3.11E-15"
"3893.138522","2.59E-15"
"3894.993935","2.06E-15"
"3896.849347","1.83E-15"
"3898.70476","1.40E-15"
"3900.560172","1.48E-15"
"3902.415585","2.19E-15"
"3904.270997","1.69E-15"
"3906.12641","1.63E-15"
"3907.981822","1.12E-15"
"3909.837235","1.87E-15"
"3911.692647","1.18E-15"
"3913.54806","1.43E-15"
"3915.403472","1.74E-15"
"3917.258885","1.75E-15"
"3919.114297","1.61E-15"
"3920.96971","1.75E-15"
"3922.825122","1.25E-15"
"3924.680535","1.20E-15"
"3926.535947","1.63E-15"
"3928.39136","2.01E-15"
"3930.246772","1.22E-15"
"3932.102185","1.20E-15"
"3933.957597","9.87E-16"
"3935.81301","1.28E-15"
"3937.668422","8.05E-16"
"3939.523835","1.05E-15"
"3941.379247","1.51E-15"
"3943.23466","1.24E-15"
"3945.090072","1.11E-15"
"3946.945485","1.58E-15"
"3948.800897","1.58E-15"
"3950.65631","1.06E-15"
"3952.511722","1.50E-15"
"3954.367135","1.45E-15"
"3956.222547","1.69E-15"
"3958.07796","1.13E-15"
"3959.933372","1.41E-15"
"3961.788785","1.65E-15"
"3963.644197","1.19E-15"
"3965.49961","1.64E-15"
"3967.355022","3.13E-15"
"3969.210435","4.24E-15"
"3971.065847","4.67E-15"
"3972.921259","3.80E-15"
"3974.776672","2.89E-15"
"3976.632084","1.93E-15"
"3978.487497","1.15E-15"
"3980.342909","1.40E-15"
"3982.198322","1.28E-15"
"3984.053734","1.11E-15"
"3985.909147","1.72E-15"
"3987.764559","1.82E-15"
"3989.619972","1.09E-15"
"3991.475384","7.16E-16"
"3993.330797","1.46E-15"
"3995.186209","1.49E-15"
"3997.041622","1.69E-15"
"3998.897034","1.42E-15"
"4000.752447","9.84E-16"
"4002.607859","1.09E-15"
"4004.463272","1.67E-15"
"4006.318684","2.01E-15"
"4008.174097","2.06E-15"
"4010.029509","1.71E-15"
"4011.884922","1.27E-15"
"4013.740334","1.66E-15"
"4015.595747","1.24E-15"
"4017.451159","6.70E-16"
"4019.306572","1.56E-15"
"4021.161984","1.73E-15"
"4023.017397","1.87E-15"
"4024.872809","1.95E-15"
"4026.728222","1.29E-15"
"4028.583634","1.07E-15"
"4030.439047","1.16E-15"
"4032.294459","9.84E-16"
"4034.149872","9.41E-16"
"4036.005284","1.68E-15"
"4037.860697","1.04E-15"
"4039.716109","9.42E-16"
"4041.571522","1.51E-15"
"4043.426934","1.91E-15"
"4045.282347","9.95E-16"
"4047.137759","1.08E-15"
"4048.993172","1.05E-15"
"4050.848584","1.11E-15"
"4052.703997","9.47E-16"
"4054.559409","1.30E-15"
"4056.414822","1.83E-15"
"4058.270234","1.08E-15"
"4060.125647","9.33E-16"
"4061.981059","1.67E-15"
"4063.836472","1.59E-15"
"4065.691884","1.05E-15"
"4067.547297","1.21E-15"
"4069.402709","2.20E-15"
"4071.258122","1.27E-15"
"4073.113534","1.69E-15"
"4074.968947","1.03E-15"
"4076.824359","1.25E-15"
"4078.679772","1.02E-15"
"4080.535184","7.56E-16"
"4082.390597","1.17E-15"
"4084.246009","1.48E-15"
"4086.101422","1.39E-15"
"4087.956834","7.41E-16"
"4089.812247","7.83E-16"
"4091.667659","1.00E-15"
"4093.523072","1.18E-15"
"4095.378484","8.92E-16"
"4097.233897","9.69E-16"
"4099.089309","2.29E-15"
"4100.944722","3.74E-15"
"4102.800134","5.20E-15"
"4104.655547","5.26E-15"
"4106.510959","3.94E-15"
"4108.366372","1.88E-15"
"4110.221784","8.21E-16"
"4112.077197","9.39E-16"
"4113.932609","9.10E-16"
"4115.788022","9.89E-16"
"4117.643434","7.78E-16"
"4119.498847","8.35E-16"
"4121.354259","9.63E-16"
"4123.209672","9.76E-16"
"4125.065084","1.24E-15"
"4126.920497","1.20E-15"
"4128.775909","1.25E-15"
"4130.631322","1.07E-15"
"4132.486734","1.11E-15"
"4134.342147","1.40E-15"
"4136.197559","7.58E-16"
"4138.052972","6.37E-16"
"4139.908384","1.04E-15"
"4141.763797","1.22E-15"
"4143.619209","9.31E-16"
"4145.474622","1.24E-15"
"4147.330034","1.36E-15"
"4149.185447","1.23E-15"
"4151.040859","1.64E-15"
"4152.896272","1.30E-15"
"4154.751684","1.15E-15"
"4156.607097","8.66E-16"
"4158.462509","1.26E-15"
"4160.317922","1.75E-15"
"4162.173334","1.26E-15"
"4164.028747","1.62E-15"
"4165.884159","1.26E-15"
"4167.739572","1.23E-15"
"4169.594984","1.38E-15"
"4171.450397","1.07E-15"
"4173.305809","1.10E-15"
"4175.161222","1.39E-15"
"4177.016634","8.74E-16"
"4178.872047","1.53E-15"
"4180.727459","1.33E-15"
"4182.582872","1.12E-15"
"4184.438284","1.30E-15"
"4186.293697","1.37E-15"
"4188.149109","1.09E-15"
"4190.004522","9.14E-16"
"4191.859934","1.07E-15"
"4193.715347","1.09E-15"
"4195.570759","1.28E-15"
"4197.426172","1.28E-15"
"4199.281584","1.55E-15"
"4201.136997","1.79E-15"
"4202.992409","1.75E-15"
"4204.847822","1.20E-15"
"4206.703234","1.14E-15"
"4208.558647","1.24E-15"
"4210.414059","1.01E-15"
"4212.269471","1.18E-15"
"4214.124884","1.02E-15"
"4215.980296","1.14E-15"
"4217.835709","1.32E-15"
"4219.691121","1.03E-15"
"4221.546534","7.22E-16"
"4223.401946","8.78E-16"
"4225.257359","1.19E-15"
"4227.112771","1.27E-15"
"4228.968184","1.30E-15"
"4230.823596","1.22E-15"
"4232.679009","1.11E-15"
"4234.534421","1.24E-15"
"4236.389834","9.13E-16"
"4238.245246","7.14E-16"
"4240.100659","8.94E-16"
"4241.956071","1.09E-15"
"4243.811484","1.08E-15"
"4245.666896","8.66E-16"
"4247.522309","9.69E-16"
"4249.377721","1.42E-15"
"4251.233134","1.32E-15"
"4253.088546","1.04E-15"
"4254.943959","1.05E-15"
"4256.799371","9.46E-16"
"4258.654784","9.44E-16"
"4260.510196","1.06E-15"
"4262.365609","1.38E-15"
"4264.221021","8.92E-16"
"4266.076434","9.96E-16"
"4267.931846","1.23E-15"
"4269.787259","1.08E-15"
"4271.642671","8.54E-16"
"4273.498084","1.14E-15"
"4275.353496","1.45E-15"
"4277.208909","1.38E-15"
"4279.064321","1.05E-15"
"4280.919734","1.19E-15"
"4282.775146","8.45E-16"
"4284.630559","9.43E-16"
"4286.485971","1.41E-15"
"4288.341384","8.87E-16"
"4290.196796","7.67E-16"
"4292.052209","1.39E-15"
"4293.907621","1.23E-15"
"4295.763034","1.31E-15"
"4297.618446","1.06E-15"
"4299.473859","9.65E-16"
"4301.329271","1.05E-15"
"4303.184684","8.25E-16"
"4305.040096","7.16E-16"
"4306.895509","9.73E-16"
"4308.750921","1.07E-15"
"4310.606334","1.34E-15"
"4312.461746","1.26E-15"
"4314.317159","1.13E-15"
"4316.172571","1.08E-15"
"4318.027984","1.05E-15"
"4319.883396","1.12E-15"
"4321.738809","1.35E-15"
"4323.594221","1.26E-15"
"4325.449634","1.09E-15"
"4327.305046","1.15E-15"
"4329.160459","1.20E-15"
"4331.015871","1.20E-15"
"4332.871284","1.15E-15"
"4334.726696","1.20E-15"
"4336.582109","1.61E-15"
"4338.437521","3.98E-15"
"4340.292934","8.55E-15"
"4342.148346","1.10E-14"
"4344.003759","8.80E-15"
"4345.859171","4.38E-15"
"4347.714584","1.88E-15"
"4349.569996","9.70E-16"
"4351.425409","1.06E-15"
"4353.280821","1.16E-15"
"4355.136234","1.27E-15"
"4356.991646","1.29E-15"
"4358.847059","1.01E-15"
"4360.702471","1.18E-15"
"4362.557884","2.12E-15"
"4364.413296","2.81E-15"
"4366.268709","2.78E-15"
"4368.124121","2.05E-15"
"4369.979534","1.07E-15"
"4371.834946","1.06E-15"
"4373.690359","9.55E-16"
"4375.545771","1.09E-15"
"4377.401184","1.31E-15"
"4379.256596","1.77E-15"
"4381.112009","1.86E-15"
"4382.967421","1.14E-15"
"4384.822834","1.03E-15"
"4386.678246","9.72E-16"
"4388.533659","1.20E-15"
"4390.389071","1.43E-15"
"4392.244484","1.20E-15"
"4394.099896","1.13E-15"
"4395.955309","1.15E-15"
"4397.810721","1.19E-15"
"4399.666134","8.30E-16"
"4401.521546","9.37E-16"
"4403.376959","6.78E-16"
"4405.232371","7.56E-16"
"4407.087784","9.92E-16"
"4408.943196","9.37E-16"
"4410.798609","9.69E-16"
"4412.654021","1.14E-15"
"4414.509434","1.10E-15"
"4416.364846","7.51E-16"
"4418.220259","1.02E-15"
"4420.075671","1.13E-15"
"4421.931084","7.61E-16"
"4423.786496","1.23E-15"
"4425.641909","1.23E-15"
"4427.497321","6.74E-16"
"4429.352734","6.92E-16"
"4431.208146","7.44E-16"
"4433.063559","1.00E-15"
"4434.918971","1.12E-15"
"4436.774384","9.79E-16"
"4438.629796","1.03E-15"
"4440.485209","1.12E-15"
"4442.340621","1.08E-15"
"4444.196034","1.02E-15"
"4446.051446","1.17E-15"
"4447.906858","1.12E-15"
"4449.762271","1.05E-15"
"4451.617683","1.31E-15"
"4453.473096","1.49E-15"
"4455.328508","1.29E-15"
"4457.183921","1.21E-15"
"4459.039333","1.00E-15"
"4460.894746","9.65E-16"
"4462.750158","1.04E-15"
"4464.605571","1.25E-15"
"4466.460983","1.15E-15"
"4468.316396","9.82E-16"
"4470.171808","9.41E-16"
"4472.027221","1.10E-15"
"4473.882633","1.06E-15"
"4475.738046","1.41E-15"
"4477.593458","1.18E-15"
"4479.448871","1.17E-15"
"4481.304283","1.16E-15"
"4483.159696","9.97E-16"
"4485.015108","9.76E-16"
"4486.870521","1.09E-15"
"4488.725933","1.29E-15"
"4490.581346","1.16E-15"
"4492.436758","1.09E-15"
"4494.292171","9.81E-16"
"4496.147583","8.44E-16"
"4498.002996","9.03E-16"
"4499.858408","1.26E-15"
"4501.713821","9.20E-16"
"4503.569233","1.35E-15"
"4505.424646","1.18E-15"
"4507.280058","1.11E-15"
"4509.135471","1.08E-15"
"4510.990883","1.09E-15"
"4512.846296","6.74E-16"
"4514.701708","9.05E-16"
"4516.557121","9.24E-16"
"4518.412533","9.75E-16"
"4520.267946","9.25E-16"
"4522.123358","9.43E-16"
"4523.978771","8.26E-16"
"4525.834183","9.17E-16"
"4527.689596","1.03E-15"
"4529.545008","8.03E-16"
"4531.400421","1.18E-15"
"4533.255833","1.07E-15"
"4535.111246","9.25E-16"
"4536.966658","1.19E-15"
"4538.822071","1.34E-15"
"4540.677483","1.49E-15"
"4542.532896","1.69E-15"
"4544.388308","2.10E-15"
"4546.243721","1.84E-15"
"4548.099133","9.47E-16"
"4549.954546","1.13E-15"
"4551.809958","9.51E-16"
"4553.665371","6.57E-16"
"4555.520783","8.22E-16"
"4557.376196","9.28E-16"
"4559.231608","9.59E-16"
"4561.087021","8.91E-16"
"4562.942433","9.96E-16"
"4564.797846","1.14E-15"
"4566.653258","1.08E-15"
"4568.508671","1.18E-15"
"4570.364083","9.30E-16"
"4572.219496","8.61E-16"
"4574.074908","1.04E-15"
"4575.930321","1.02E-15"
"4577.785733","1.06E-15"
"4579.641146","1.26E-15"
"4581.496558","1.14E-15"
"4583.351971","6.49E-16"
"4585.207383","1.07E-15"
"4587.062796","1.31E-15"
"4588.918208","1.20E-15"
"4590.773621","8.90E-16"
"4592.629033","7.04E-16"
"4594.484446","7.61E-16"
"4596.339858","1.09E-15"
"4598.195271","1.07E-15"
"4600.050683","9.74E-16"
"4601.906096","8.50E-16"
"4603.761508","1.00E-15"
"4605.616921","1.01E-15"
"4607.472333","9.68E-16"
"4609.327746","9.21E-16"
"4611.183158","8.67E-16"
"4613.038571","1.09E-15"
"4614.893983","1.01E-15"
"4616.749396","9.01E-16"
"4618.604808","9.97E-16"
"4620.460221","1.33E-15"
"4622.315633","1.15E-15"
"4624.171046","9.11E-16"
"4626.026458","9.32E-16"
"4627.881871","8.84E-16"
"4629.737283","8.95E-16"
"4631.592696","8.99E-16"
"4633.448108","1.11E-15"
"4635.303521","1.43E-15"
"4637.158933","1.28E-15"
"4639.014346","7.86E-16"
"4640.869758","8.63E-16"
"4642.725171","1.09E-15"
"4644.580583","8.99E-16"
"4646.435996","1.13E-15"
"4648.291408","1.56E-15"
"4650.146821","1.31E-15"
"4652.002233","1.17E-15"
"4653.857646","1.15E-15"
"4655.713058","1.02E-15"
"4657.568471","1.27E-15"
"4659.423883","1.48E-15"
"4661.279296","1.36E-15"
"4663.134708","1.07E-15"
"4664.990121","1.05E-15"
"4666.845533","1.24E-15"
"4668.700946","9.22E-16"
"4670.556358","8.29E-16"
"4672.411771","1.16E-15"
"4674.267183","1.24E-15"
"4676.122596","8.88E-16"
"4677.978008","8.66E-16"
"4679.833421","1.27E-15"
"4681.688833","2.49E-15"
"4683.544245","1.09E-14"
"4685.399658","2.47E-14"
"4687.25507","3.00E-14"
"4689.110483","2.23E-14"
"4690.965895","8.87E-15"
"4692.821308","2.62E-15"
"4694.67672","1.53E-15"
"4696.532133","1.36E-15"
"4698.387545","8.86E-16"
"4700.242958","9.57E-16"
"4702.09837","5.10E-16"
"4703.953783","1.02E-15"
"4705.809195","1.02E-15"
"4707.664608","1.12E-15"
"4709.52002","2.42E-15"
"4711.375433","4.16E-15"
"4713.230845","4.62E-15"
"4715.086258","3.94E-15"
"4716.94167","2.19E-15"
"4718.797083","1.31E-15"
"4720.652495","9.99E-16"
"4722.507908","1.14E-15"
"4724.36332","1.36E-15"
"4726.218733","1.48E-15"
"4728.074145","1.49E-15"
"4729.929558","1.30E-15"
"4731.78497","9.05E-16"
"4733.640383","1.09E-15"
"4735.495795","1.12E-15"
"4737.351208","1.51E-15"
"4739.20662","2.86E-15"
"4741.062033","3.78E-15"
"4742.917445","3.73E-15"
"4744.772858","2.75E-15"
"4746.62827","1.47E-15"
"4748.483683","8.94E-16"
"4750.339095","6.32E-16"
"4752.194508","6.75E-16"
"4754.04992","1.01E-15"
"4755.905333","9.45E-16"
"4757.760745","8.00E-16"
"4759.616158","9.50E-16"
"4761.47157","1.13E-15"
"4763.326983","1.05E-15"
"4765.182395","7.14E-16"
"4767.037808","7.58E-16"
"4768.89322","8.86E-16"
"4770.748633","1.04E-15"
"4772.604045","1.02E-15"
"4774.459458","8.42E-16"
"4776.31487","8.18E-16"
"4778.170283","8.57E-16"
"4780.025695","9.33E-16"
"4781.881108","1.01E-15"
"4783.73652","1.07E-15"
"4785.591933","1.12E-15"
"4787.447345","1.18E-15"
"4789.302758","9.50E-16"
"4791.15817","7.57E-16"
"4793.013583","1.36E-15"
"4794.868995","1.21E-15"
"4796.724408","1.00E-15"
"4798.57982","8.77E-16"
"4800.435233","7.14E-16"
"4802.290645","9.18E-16"
"4804.146058","9.70E-16"
"4806.00147","9.81E-16"
"4807.856883","7.88E-16"
"4809.712295","9.72E-16"
"4811.567708","1.05E-15"
"4813.42312","7.16E-16"
"4815.278533","7.86E-16"
"4817.133945","1.22E-15"
"4818.989358","1.03E-15"
"4820.84477","9.77E-16"
"4822.700183","1.01E-15"
"4824.555595","1.02E-15"
"4826.411008","1.02E-15"
"4828.26642","8.34E-16"
"4830.121833","9.87E-16"
"4831.977245","1.03E-15"
"4833.832658","1.04E-15"
"4835.68807","1.06E-15"
"4837.543483","1.10E-15"
"4839.398895","9.26E-16"
"4841.254308","1.06E-15"
"4843.10972","9.46E-16"
"4844.965133","1.06E-15"
"4846.820545","1.25E-15"
"4848.675958","1.25E-15"
"4850.53137","1.16E-15"
"4852.386783","1.10E-15"
"4854.242195","1.16E-15"
"4856.097608","1.45E-15"
"4857.95302","5.01E-15"
"4859.808433","1.62E-14"
"4861.663845","2.77E-14"
"4863.519258","2.77E-14"
"4865.37467","1.59E-14"
"4867.230083","4.85E-15"
"4869.085495","1.71E-15"
"4870.940908","1.03E-15"
"4872.79632","1.09E-15"
"4874.651733","1.03E-15"
"4876.507145","9.71E-16"
"4878.362558","9.08E-16"
"4880.21797","8.60E-16"
"4882.073383","1.19E-15"
"4883.928795","1.16E-15"
"4885.784208","1.15E-15"
"4887.63962","1.05E-15"
"4889.495033","9.35E-16"
"4891.350445","1.04E-15"
"4893.205858","8.44E-16"
"4895.06127","7.76E-16"
"4896.916683","9.21E-16"
"4898.772095","8.77E-16"
"4900.627508","9.53E-16"
"4902.48292","1.06E-15"
"4904.338333","8.39E-16"
"4906.193745","8.27E-16"
"4908.049158","9.73E-16"
"4909.90457","8.11E-16"
"4911.759983","1.13E-15"
"4913.615395","1.08E-15"
"4915.470808","1.01E-15"
"4917.32622","1.11E-15"
"4919.181632","1.06E-15"
"4921.037045","1.03E-15"
"4922.892457","1.16E-15"
"4924.74787","6.68E-16"
"4926.603282","8.87E-16"
"4928.458695","7.78E-16"
"4930.314107","1.05E-15"
"4932.16952","1.20E-15"
"4934.024932","7.54E-16"
"4935.880345","1.11E-15"
"4937.735757","8.81E-16"
"4939.59117","9.74E-16"
"4941.446582","1.00E-15"
"4943.301995","1.03E-15"
"4945.157407","1.36E-15"
"4947.01282","1.22E-15"
"4948.868232","9.30E-16"
"4950.723645","1.29E-15"
"4952.579057","1.41E-15"
"4954.43447","2.46E-15"
"4956.289882","1.21E-14"
"4958.145295","3.17E-14"
"4960.000707","4.36E-14"
"4961.85612","3.55E-14"
"4963.711532","1.62E-14"
"4965.566945","3.84E-15"
"4967.422357","1.72E-15"
"4969.27777","1.50E-15"
"4971.133182","1.81E-15"
"4972.988595","1.43E-15"
"4974.844007","9.73E-16"
"4976.69942","1.47E-15"
"4978.554832","1.49E-15"
"4980.410245","1.32E-15"
"4982.265657","1.28E-15"
"4984.12107","1.43E-15"
"4985.976482","1.50E-15"
"4987.831895","1.48E-15"
"4989.687307","1.35E-15"
"4991.54272","1.57E-15"
"4993.398132","1.38E-15"
"4995.253545","1.51E-15"
"4997.108957","1.76E-15"
"4998.96437","1.95E-15"
"5000.819782","2.06E-15"
"5002.675195","7.61E-15"
"5004.530607","4.44E-14"
"5006.38602","1.10E-13"
"5008.241432","1.37E-13"
"5010.096845","1.04E-13"
"5011.952257","3.94E-14"
"5013.80767","7.94E-15"
"5015.663082","3.11E-15"
"5017.518495","1.97E-15"
"5019.373907","1.61E-15"
"5021.22932","1.68E-15"
"5023.084732","1.45E-15"
"5024.940145","1.60E-15"
"5026.795557","1.46E-15"
"5028.65097","1.35E-15"
"5030.506382","1.44E-15"
"5032.361795","1.19E-15"
"5034.217207","1.37E-15"
"5036.07262","1.41E-15"
"5037.928032","1.31E-15"
"5039.783445","1.20E-15"
"5041.638857","1.07E-15"
"5043.49427","9.11E-16"
"5045.349682","1.23E-15"
"5047.205095","1.38E-15"
"5049.060507","1.05E-15"
"5050.91592","1.16E-15"
"5052.771332","1.56E-15"
"5054.626745","1.03E-15"
"5056.482157","9.03E-16"
"5058.33757","1.41E-15"
"5060.192982","8.85E-16"
"5062.048395","1.32E-15"
"5063.903807","1.87E-15"
"5065.75922","1.51E-15"
"5067.614632","1.25E-15"
"5069.470045","1.49E-15"
"5071.325457","1.34E-15"
"5073.18087","1.18E-15"
"5075.036282","1.36E-15"
"5076.891695","1.42E-15"
"5078.747107","1.44E-15"
"5080.60252","1.02E-15"
"5082.457932","1.07E-15"
"5084.313345","1.51E-15"
"5086.168757","1.21E-15"
"5088.02417","9.81E-16"
"5089.879582","1.03E-15"
"5091.734995","8.92E-16"
"5093.590407","9.91E-16"
"5095.44582","1.25E-15"
"5097.301232","1.40E-15"
"5099.156645","1.22E-15"
"5101.012057","1.19E-15"
"5102.86747","9.56E-16"
"5104.722882","1.33E-15"
"5106.578295","7.32E-16"
"5108.433707","1.00E-15"
"5110.28912","7.62E-16"
"5112.144532","7.97E-16"
"5113.999945","1.11E-15"
"5115.855357","1.38E-15"
"5117.71077","1.11E-15"
"5119.566182","1.44E-15"
"5121.421595","1.26E-15"
"5123.277007","1.01E-15"
"5125.13242","9.77E-16"
"5126.987832","1.11E-15"
"5128.843245","1.10E-15"
"5130.698657","1.30E-15"
"5132.55407","1.04E-15"
"5134.409482","1.34E-15"
"5136.264895","1.38E-15"
"5138.120307","1.13E-15"
"5139.97572","1.12E-15"
"5141.831132","1.37E-15"
"5143.686545","1.43E-15"
"5145.541957","1.42E-15"
"5147.39737","1.40E-15"
"5149.252782","1.23E-15"
"5151.108195","1.20E-15"
"5152.963607","1.42E-15"
"5154.81902","1.37E-15"
"5156.674432","1.26E-15"
"5158.529844","1.65E-15"
"5160.385257","1.45E-15"
"5162.240669","1.07E-15"
"5164.096082","1.06E-15"
"5165.951494","1.55E-15"
"5167.806907","1.61E-15"
"5169.662319","1.19E-15"
"5171.517732","1.38E-15"
"5173.373144","1.31E-15"
"5175.228557","1.10E-15"
"5177.083969","1.12E-15"
"5178.939382","1.43E-15"
"5180.794794","1.43E-15"
"5182.650207","1.09E-15"
"5184.505619","1.15E-15"
"5186.361032","1.14E-15"
"5188.216444","1.21E-15"
"5190.071857","1.43E-15"
"5191.927269","1.17E-15"
"5193.782682","1.18E-15"
"5195.638094","1.41E-15"
"5197.493507","1.27E-15"
"5199.348919","1.05E-15"
"5201.204332","1.18E-15"
"5203.059744","1.08E-15"
"5204.915157","1.05E-15"
"5206.770569","8.40E-16"
"5208.625982","1.18E-15"
"5210.481394","1.36E-15"
"5212.336807","1.46E-15"
"5214.192219","1.16E-15"
"5216.047632","9.69E-16"
"5217.903044","6.55E-16"
"5219.758457","1.15E-15"
"5221.613869","1.24E-15"
"5223.469282","1.20E-15"
"5225.324694","9.92E-16"
"5227.180107","1.31E-15"
"5229.035519","1.26E-15"
"5230.890932","6.15E-16"
"5232.746344","8.79E-16"
"5234.601757","1.50E-15"
"5236.457169","1.55E-15"
"5238.312582","1.60E-15"
"5240.167994","1.28E-15"
"5242.023407","1.33E-15"
"5243.878819","1.11E-15"
"5245.734232","1.20E-15"
"5247.589644","1.06E-15"
"5249.445057","9.74E-16"
"5251.300469","1.25E-15"
"5253.155882","9.74E-16"
"5255.011294","7.68E-16"
"5256.866707","6.97E-16"
"5258.722119","9.63E-16"
"5260.577532","1.52E-15"
"5262.432944","1.36E-15"
"5264.288357","8.58E-16"
"5266.143769","9.02E-16"
"5267.999182","1.17E-15"
"5269.854594","6.36E-16"
"5271.710007","9.03E-16"
"5273.565419","1.50E-15"
"5275.420832","1.37E-15"
"5277.276244","1.44E-15"
"5279.131657","1.48E-15"
"5280.987069","1.56E-15"
"5282.842482","1.79E-15"
"5284.697894","1.26E-15"
"5286.553307","1.03E-15"
"5288.408719","1.27E-15"
"5290.264132","1.10E-15"
"5292.119544","1.59E-15"
"5293.974957","2.04E-15"
"5295.830369","1.62E-15"
"5297.685782","1.10E-15"
"5299.541194","1.21E-15"
"5301.396607","1.36E-15"
"5303.252019","1.18E-15"
"5305.107432","1.33E-15"
"5306.962844","1.43E-15"
"5308.818257","2.05E-15"
"5310.673669","1.86E-15"
"5312.529082","1.33E-15"
"5314.384494","1.72E-15"
"5316.239907","1.66E-15"
"5318.095319","1.11E-15"
"5319.950732","6.71E-16"
"5321.806144","1.07E-15"
"5323.661557","1.24E-15"
"5325.516969","1.27E-15"
"5327.372382","1.26E-15"
"5329.227794","1.57E-15"
"5331.083207","1.81E-15"
"5332.938619","1.64E-15"
"5334.794032","1.15E-15"
"5336.649444","1.03E-15"
"5338.504857","1.32E-15"
"5340.360269","1.57E-15"
"5342.215682","9.72E-16"
"5344.071094","8.23E-16"
"5345.926507","9.12E-16"
"5347.781919","1.25E-15"
"5349.637332","1.33E-15"
"5351.492744","1.14E-15"
"5353.348157","1.12E-15"
"5355.203569","1.08E-15"
"5357.058982","1.33E-15"
"5358.914394","1.28E-15"
"5360.769807","1.46E-15"
"5362.625219","1.41E-15"
"5364.480632","1.28E-15"
"5366.336044","9.32E-16"
"5368.191457","1.39E-15"
"5370.046869","1.33E-15"
"5371.902282","9.42E-16"
"5373.757694","5.26E-16"
"5375.613107","9.06E-16"
"5377.468519","1.04E-15"
"5379.323932","5.70E-16"
"5381.179344","1.29E-15"
"5383.034757","1.48E-15"
"5384.890169","1.36E-15"
"5386.745582","1.28E-15"
"5388.600994","1.13E-15"
"5390.456407","1.60E-15"
"5392.311819","1.27E-15"
"5394.167231","1.20E-15"
"5396.022644","1.20E-15"
"5397.878056","1.05E-15"
"5399.733469","1.08E-15"
"5401.588881","1.29E-15"
"5403.444294","1.93E-15"
"5405.299706","2.29E-15"
"5407.155119","2.54E-15"
"5409.010531","3.57E-15"
"5410.865944","4.01E-15"
"5412.721356","3.69E-15"
"5414.576769","2.79E-15"
"5416.432181","1.71E-15"
"5418.287594","1.71E-15"
"5420.143006","1.80E-15"
"5421.998419","1.29E-15"
"5423.853831","1.44E-15"
"5425.709244","8.98E-16"
"5427.564656","1.38E-15"
"5429.420069","1.59E-15"
"5431.275481","2.11E-15"
"5433.130894","1.56E-15"
"5434.986306","1.61E-15"
"5436.841719","1.51E-15"
"5438.697131","1.22E-15"
"5440.552544","1.56E-15"
"5442.407956","1.30E-15"
"5444.263369","1.29E-15"
"5446.118781","1.33E-15"
"5447.974194","1.18E-15"
"5449.829606","8.88E-16"
"5451.685019","1.97E-15"
"5453.540431","1.40E-15"
"5455.395844","1.57E-15"
"5457.251256","2.05E-15"
"5459.106669","1.40E-15"
"5460.962081","1.53E-15"
"5462.817494","1.85E-15"
"5464.672906","1.47E-15"
"5466.528319","1.16E-15"
"5468.383731","1.11E-15"
"5470.239144","8.10E-16"
"5472.094556","9.34E-16"
"5473.949969","1.22E-15"
"5475.805381","1.40E-15"
"5477.660794","1.44E-15"
"5479.516206","1.33E-15"
"5481.371619","8.19E-16"
"5483.227031","5.22E-16"
"5485.082444","1.12E-15"
"5486.937856","1.40E-15"
"5488.793269","1.13E-15"
"5490.648681","1.59E-15"
"5492.504094","2.18E-15"
"5494.359506","1.07E-15"
"5496.214919","4.20E-16"
"5498.070331","7.74E-16"
"5499.925744","1.62E-15"
"5501.781156","1.18E-15"
"5503.636569","5.47E-16"
"5505.491981","9.38E-16"
"5507.347394","1.13E-15"
"5509.202806","1.75E-15"
"5511.058219","9.89E-16"
"5512.913631","6.79E-16"
"5514.769044","1.85E-15"
"5516.624456","2.02E-15"
"5518.479869","1.40E-15"
"5520.335281","1.01E-15"
"5522.190694","1.23E-15"
"5524.046106","1.58E-15"
"5525.901519","1.63E-15"
"5527.756931","1.59E-15"
"5529.612344","1.55E-15"
"5531.467756","1.55E-15"
"5533.323169","1.46E-15"
"5535.178581","1.07E-15"
"5537.033994","8.39E-16"
"5538.889406","1.37E-15"
"5540.744819","1.69E-15"
"5542.600231","1.28E-15"
"5544.455644","1.17E-15"
"5546.311056","1.33E-15"
"5548.166469","1.47E-15"
"5550.021881","1.59E-15"
"5551.877294","1.53E-15"
"5553.732706","1.12E-15"
"5555.588119","1.04E-15"
"5557.443531","1.44E-15"
"5559.298944","1.45E-15"
"5561.154356","1.15E-15"
"5563.009769","1.19E-15"
"5564.865181","1.00E-15"
"5566.720594","1.27E-15"
"5568.576006","1.29E-15"
"5570.431419","1.37E-15"
"5572.286831","1.76E-15"
"5574.142244","1.27E-15"
"5575.997656","1.44E-15"
"5577.853069","1.49E-15"
"5579.708481","1.39E-15"
"5581.563894","1.50E-15"
"5583.419306","1.24E-15"
"5585.274719","1.26E-15"
"5587.130131","1.54E-15"
"5588.985544","1.47E-15"
"5590.840956","1.03E-15"
"5592.696369","9.17E-16"
"5594.551781","1.25E-15"
"5596.407194","1.65E-15"
"5598.262606","1.61E-15"
"5600.118019","1.41E-15"
"5601.973431","1.43E-15"
"5603.828844","1.23E-15"
"5605.684256","1.30E-15"
"5607.539669","1.37E-15"
"5609.395081","1.39E-15"
"5611.250494","1.63E-15"
"5613.105906","1.65E-15"
"5614.961319","1.28E-15"
"5616.816731","1.15E-15"
"5618.672144","1.46E-15"
"5620.527556","1.76E-15"
"5622.382969","1.76E-15"
"5624.238381","1.59E-15"
"5626.093794","1.77E-15"
"5627.949206","1.73E-15"
"5629.804618","1.16E-15"
"5631.660031","8.66E-16"
"5633.515443","9.90E-16"
"5635.370856","1.24E-15"
"5637.226268","1.35E-15"
"5639.081681","1.47E-15"
"5640.937093","1.56E-15"
"5642.792506","1.02E-15"
"5644.647918","1.28E-15"
"5646.503331","1.39E-15"
"5648.358743","1.20E-15"
"5650.214156","1.50E-15"
"5652.069568","1.24E-15"
"5653.924981","1.53E-15"
"5655.780393","1.45E-15"
"5657.635806","9.66E-16"
"5659.491218","1.01E-15"
"5661.346631","1.23E-15"
"5663.202043","1.33E-15"
"5665.057456","1.53E-15"
"5666.912868","1.66E-15"
"5668.768281","1.42E-15"
"5670.623693","1.14E-15"
"5672.479106","1.24E-15"
"5674.334518","1.41E-15"
"5676.189931","1.40E-15"
"5678.045343","1.22E-15"
"5679.900756","1.04E-15"
"5681.756168","1.19E-15"
"5683.611581","1.24E-15"
"5685.466993","1.25E-15"
"5687.322406","1.27E-15"
"5689.177818","1.17E-15"
"5691.033231","1.30E-15"
"5692.888643","1.43E-15"
"5694.744056","1.25E-15"
"5696.599468","1.11E-15"
"5698.454881","1.38E-15"
"5700.310293","1.56E-15"
"5702.165706","1.63E-15"
"5704.021118","1.40E-15"
"5705.876531","1.26E-15"
"5707.731943","1.34E-15"
"5709.587356","1.11E-15"
"5711.442768","1.09E-15"
"5713.298181","1.42E-15"
"5715.153593","1.48E-15"
"5717.009006","1.21E-15"
"5718.864418","1.24E-15"
"5720.719831","1.25E-15"
"5722.575243","1.25E-15"
"5724.430656","1.30E-15"
"5726.286068","1.42E-15"
"5728.141481","1.48E-15"
"5729.996893","1.23E-15"
"5731.852306","1.30E-15"
"5733.707718","1.34E-15"
"5735.563131","1.06E-15"
"5737.418543","9.48E-16"
"5739.273956","1.28E-15"
"5741.129368","1.07E-15"
"5742.984781","1.28E-15"
"5744.840193","1.70E-15"
"5746.695606","1.44E-15"
"5748.551018","1.26E-15"
"5750.406431","1.38E-15"
"5752.261843","1.26E-15"
"5754.117256","1.14E-15"
"5755.972668","1.32E-15"
"5757.828081","1.32E-15"
"5759.683493","1.14E-15"
"5761.538906","1.15E-15"
"5763.394318","1.34E-15"
"5765.249731","1.42E-15"
"5767.105143","1.26E-15"
"5768.960556","1.08E-15"
"5770.815968","1.23E-15"
"5772.671381","1.54E-15"
"5774.526793","1.56E-15"
"5776.382206","1.18E-15"
"5778.237618","8.71E-16"
"5780.093031","7.45E-16"
"5781.948443","1.05E-15"
"5783.803856","1.32E-15"
"5785.659268","1.06E-15"
"5787.514681","9.40E-16"
"5789.370093","1.13E-15"
"5791.225506","1.27E-15"
"5793.080918","1.31E-15"
"5794.936331","1.43E-15"
"5796.791743","1.55E-15"
"5798.647156","1.46E-15"
"5800.502568","1.43E-15"
"5802.357981","1.37E-15"
"5804.213393","1.23E-15"
"5806.068806","1.26E-15"
"5807.924218","1.21E-15"
"5809.779631","1.36E-15"
"5811.635043","1.37E-15"
"5813.490456","1.12E-15"
"5815.345868","1.07E-15"
"5817.201281","1.25E-15"
"5819.056693","1.26E-15"
"5820.912106","1.25E-15"
"5822.767518","1.29E-15"
"5824.622931","1.25E-15"
"5826.478343","1.23E-15"
"5828.333756","1.25E-15"
"5830.189168","1.29E-15"
"5832.044581","1.39E-15"
"5833.899993","1.44E-15"
"5835.755406","1.25E-15"
"5837.610818","1.15E-15"
"5839.466231","1.47E-15"
"5841.321643","1.50E-15"
"5843.177056","1.10E-15"
"5845.032468","1.22E-15"
"5846.887881","1.39E-15"
"5848.743293","1.32E-15"
"5850.598706","1.26E-15"
"5852.454118","1.37E-15"
"5854.309531","1.40E-15"
"5856.164943","1.26E-15"
"5858.020356","1.24E-15"
"5859.875768","1.21E-15"
"5861.731181","1.16E-15"
"5863.586593","1.26E-15"
"5865.442005","1.35E-15"
"5867.297418","1.65E-15"
"5869.15283","1.60E-15"
"5871.008243","1.38E-15"
"5872.863655","1.60E-15"
"5874.719068","1.91E-15"
"5876.57448","1.83E-15"
"5878.429893","1.42E-15"
"5880.285305","1.22E-15"
"5882.140718","1.52E-15"
"5883.99613","1.61E-15"
"5885.851543","5.41E-16"
"5887.706955","1.83E-15"
"5889.562368","2.48E-15"
"5891.41778","1.07E-15"
"5893.273193","1.62E-15"
"5895.128605","9.47E-16"
"5896.984018","1.18E-15"
"5898.83943","1.15E-15"
"5900.694843","1.16E-15"
"5902.550255","1.19E-15"
"5904.405668","1.28E-15"
"5906.26108","1.25E-15"
"5908.116493","1.11E-15"
"5909.971905","1.07E-15"
"5911.827318","1.17E-15"
"5913.68273","1.29E-15"
"5915.538143","1.28E-15"
"5917.393555","1.23E-15"
"5919.248968","1.10E-15"
"5921.10438","9.79E-16"
"5922.959793","1.19E-15"
"5924.815205","1.22E-15"
"5926.670618","1.15E-15"
"5928.52603","1.15E-15"
"5930.381443","1.12E-15"
"5932.236855","9.85E-16"
"5934.092268","1.04E-15"
"5935.94768","1.28E-15"
"5937.803093","1.25E-15"
"5939.658505","9.20E-16"
"5941.513918","8.20E-16"
"5943.36933","9.65E-16"
"5945.224743","1.16E-15"
"5947.080155","1.12E-15"
"5948.935568","1.00E-15"
"5950.79098","1.10E-15"
"5952.646393","1.22E-15"
"5954.501805","1.32E-15"
"5956.357218","1.32E-15"
"5958.21263","1.29E-15"
"5960.068043","1.35E-15"
"5961.923455","1.45E-15"
"5963.778868","1.39E-15"
"5965.63428","1.16E-15"
"5967.489693","1.07E-15"
"5969.345105","1.15E-15"
"5971.200518","1.13E-15"
"5973.05593","1.41E-15"
"5974.911343","1.38E-15"
"5976.766755","1.06E-15"
"5978.622168","9.91E-16"
"5980.47758","1.14E-15"
"5982.332993","9.71E-16"
"5984.188405","8.13E-16"
"5986.043818","9.00E-16"
"5987.89923","1.12E-15"
"5989.754643","1.26E-15"
"5991.610055","1.26E-15"
"5993.465468","1.31E-15"
"5995.32088","1.23E-15"
"5997.176293","1.02E-15"
"5999.031705","1.01E-15"
"6000.887118","1.18E-15"
"6002.74253","1.32E-15"
"6004.597943","1.27E-15"
"6006.453355","1.16E-15"
"6008.308768","1.08E-15"
"6010.16418","9.59E-16"
"6012.019593","9.98E-16"
"6013.875005","1.01E-15"
"6015.730418","1.01E-15"
"6017.58583","1.04E-15"
"6019.441243","9.92E-16"
"6021.296655","1.08E-15"
"6023.152068","1.08E-15"
"6025.00748","1.09E-15"
"6026.862893","1.19E-15"
"6028.718305","1.10E-15"
"6030.573718","9.70E-16"
"6032.42913","1.13E-15"
"6034.284543","1.23E-15"
"6036.139955","1.17E-15"
"6037.995368","1.23E-15"
"6039.85078","1.21E-15"
"6041.706193","1.12E-15"
"6043.561605","1.02E-15"
"6045.417018","1.05E-15"
"6047.27243","1.14E-15"
"6049.127843","9.62E-16"
"6050.983255","7.16E-16"
"6052.838668","8.08E-16"
"6054.69408","1.06E-15"
"6056.549493","1.14E-15"
"6058.404905","1.18E-15"
"6060.260318","1.20E-15"
"6062.11573","1.16E-15"
"6063.971143","1.01E-15"
"6065.826555","9.58E-16"
"6067.681968","1.18E-15"
"6069.53738","1.34E-15"
"6071.392793","1.23E-15"
"6073.248205","1.14E-15"
"6075.103618","1.06E-15"
"6076.95903","8.47E-16"
"6078.814443","9.98E-16"
"6080.669855","1.07E-15"
"6082.525268","1.06E-15"
"6084.38068","1.03E-15"
"6086.236093","9.93E-16"
"6088.091505","1.22E-15"
"6089.946918","1.10E-15"
"6091.80233","8.96E-16"
"6093.657743","8.68E-16"
"6095.513155","1.04E-15"
"6097.368568","1.47E-15"
"6099.22398","1.50E-15"
"6101.079392","1.35E-15"
"6102.934805","1.29E-15"
"6104.790217","1.21E-15"
"6106.64563","1.06E-15"
"6108.501042","1.08E-15"
"6110.356455","1.26E-15"
"6112.211867","1.38E-15"
"6114.06728","1.30E-15"
"6115.922692","1.11E-15"
"6117.778105","1.04E-15"
"6119.633517","1.38E-15"
"6121.48893","1.36E-15"
"6123.344342","9.15E-16"
"6125.199755","8.33E-16"
"6127.055167","1.08E-15"
"6128.91058","1.21E-15"
"6130.765992","1.05E-15"
"6132.621405","1.02E-15"
"6134.476817","1.17E-15"
"6136.33223","8.20E-16"
"6138.187642","1.00E-15"
"6140.043055","1.23E-15"
"6141.898467","1.14E-15"
"6143.75388","1.08E-15"
"6145.609292","1.18E-15"
"6147.464705","1.28E-15"
"6149.320117","1.06E-15"
"6151.17553","8.59E-16"
"6153.030942","9.66E-16"
"6154.886355","1.07E-15"
"6156.741767","1.02E-15"
"6158.59718","8.67E-16"
"6160.452592","8.25E-16"
"6162.308005","9.93E-16"
"6164.163417","1.20E-15"
"6166.01883","1.20E-15"
"6167.874242","1.11E-15"
"6169.729655","9.45E-16"
"6171.585067","8.49E-16"
"6173.44048","9.42E-16"
"6175.295892","9.94E-16"
"6177.151305","1.09E-15"
"6179.006717","1.22E-15"
"6180.86213","1.24E-15"
"6182.717542","1.01E-15"
"6184.572955","7.04E-16"
"6186.428367","9.64E-16"
"6188.28378","1.14E-15"
"6190.139192","1.08E-15"
"6191.994605","1.03E-15"
"6193.850017","9.39E-16"
"6195.70543","1.04E-15"
"6197.560842","9.84E-16"
"6199.416255","9.73E-16"
"6201.271667","1.16E-15"
"6203.12708","1.17E-15"
"6204.982492","8.98E-16"
"6206.837905","8.11E-16"
"6208.693317","1.05E-15"
"6210.54873","1.10E-15"
"6212.404142","7.89E-16"
"6214.259555","9.21E-16"
"6216.114967","1.10E-15"
"6217.97038","1.08E-15"
"6219.825792","9.96E-16"
"6221.681205","9.96E-16"
"6223.536617","1.04E-15"
"6225.39203","1.08E-15"
"6227.247442","1.20E-15"
"6229.102855","1.19E-15"
"6230.958267","1.04E-15"
"6232.81368","1.12E-15"
"6234.669092","1.03E-15"
"6236.524505","9.74E-16"
"6238.379917","9.91E-16"
"6240.23533","9.18E-16"
"6242.090742","7.73E-16"
"6243.946155","8.35E-16"
"6245.801567","1.00E-15"
"6247.65698","1.12E-15"
"6249.512392","1.13E-15"
"6251.367805","9.99E-16"
"6253.223217","8.01E-16"
"6255.07863","1.17E-15"
"6256.934042","1.37E-15"
"6258.789455","1.08E-15"
"6260.644867","9.13E-16"
"6262.50028","9.95E-16"
"6264.355692","1.18E-15"
"6266.211105","1.18E-15"
"6268.066517","1.00E-15"
"6269.92193","9.19E-16"
"6271.777342","1.08E-15"
"6273.632755","1.09E-15"
"6275.488167","9.86E-16"
"6277.34358","9.93E-16"
"6279.198992","9.70E-16"
"6281.054405","7.34E-16"
"6282.909817","8.89E-16"
"6284.76523","1.14E-15"
"6286.620642","1.17E-15"
"6288.476055","1.14E-15"
"6290.331467","1.27E-15"
"6292.18688","1.18E-15"
"6294.042292","1.14E-15"
"6295.897705","1.19E-15"
"6297.753117","1.29E-15"
"6299.60853","1.34E-15"
"6301.463942","1.21E-15"
"6303.319355","1.50E-15"
"6305.174767","1.62E-15"
"6307.03018","1.68E-15"
"6308.885592","2.00E-15"
"6310.741005","1.79E-15"
"6312.596417","1.51E-15"
"6314.45183","1.38E-15"
"6316.307242","1.17E-15"
"6318.162655","9.19E-16"
"6320.018067","1.01E-15"
"6321.87348","1.00E-15"
"6323.728892","1.02E-15"
"6325.584305","9.94E-16"
"6327.439717","9.26E-16"
"6329.29513","1.01E-15"
"6331.150542","9.06E-16"
"6333.005955","1.02E-15"
"6334.861367","9.91E-16"
"6336.71678","8.21E-16"
"6338.572192","9.81E-16"
"6340.427604","1.02E-15"
"6342.283017","9.25E-16"
"6344.138429","8.57E-16"
"6345.993842","9.76E-16"
"6347.849254","1.23E-15"
"6349.704667","1.29E-15"
"6351.560079","9.91E-16"
"6353.415492","8.21E-16"
"6355.270904","9.17E-16"
"6357.126317","1.12E-15"
"6358.981729","1.34E-15"
"6360.837142","1.00E-15"
"6362.692554","9.58E-16"
"6364.547967","1.09E-15"
"6366.403379","1.09E-15"
"6368.258792","1.32E-15"
"6370.114204","1.17E-15"
"6371.969617","1.07E-15"
"6373.825029","9.16E-16"
"6375.680442","7.47E-16"
"6377.535854","9.59E-16"
"6379.391267","1.00E-15"
"6381.246679","9.04E-16"
"6383.102092","9.14E-16"
"6384.957504","9.38E-16"
"6386.812917","8.72E-16"
"6388.668329","1.08E-15"
"6390.523742","1.16E-15"
"6392.379154","1.04E-15"
"6394.234567","9.79E-16"
"6396.089979","9.76E-16"
"6397.945392","8.35E-16"
"6399.800804","9.07E-16"
"6401.656217","1.12E-15"
"6403.511629","1.29E-15"
"6405.367042","1.29E-15"
"6407.222454","1.15E-15"
"6409.077867","1.10E-15"
"6410.933279","1.24E-15"
"6412.788692","1.23E-15"
"6414.644104","9.76E-16"
"6416.499517","8.73E-16"
"6418.354929","9.87E-16"
"6420.210342","9.99E-16"
"6422.065754","1.05E-15"
"6423.921167","1.21E-15"
"6425.776579","1.23E-15"
"6427.631992","1.22E-15"
"6429.487404","1.91E-15"
"6431.342817","2.61E-15"
"6433.198229","2.76E-15"
"6435.053642","2.42E-15"
"6436.909054","1.64E-15"
"6438.764467","1.08E-15"
"6440.619879","9.08E-16"
"6442.475292","9.72E-16"
"6444.330704","1.08E-15"
"6446.186117","1.07E-15"
"6448.041529","9.50E-16"
"6449.896942","8.97E-16"
"6451.752354","9.94E-16"
"6453.607767","1.05E-15"
"6455.463179","9.26E-16"
"6457.318592","1.05E-15"
"6459.174004","1.03E-15"
"6461.029417","8.93E-16"
"6462.884829","9.13E-16"
"6464.740242","9.69E-16"
"6466.595654","8.24E-16"
"6468.451067","9.28E-16"
"6470.306479","1.03E-15"
"6472.161892","9.08E-16"
"6474.017304","8.33E-16"
"6475.872717","9.10E-16"
"6477.728129","9.20E-16"
"6479.583542","8.79E-16"
"6481.438954","9.10E-16"
"6483.294367","1.02E-15"
"6485.149779","1.08E-15"
"6487.005192","9.25E-16"
"6488.860604","9.71E-16"
"6490.716017","1.01E-15"
"6492.571429","8.17E-16"
"6494.426842","8.06E-16"
"6496.282254","8.69E-16"
"6498.137667","1.03E-15"
"6499.993079","1.05E-15"
"6501.848492","1.00E-15"
"6503.703904","1.17E-15"
"6505.559317","9.96E-16"
"6507.414729","7.88E-16"
"6509.270142","8.81E-16"
"6511.125554","1.06E-15"
"6512.980967","1.00E-15"
"6514.836379","1.00E-15"
"6516.691792","1.08E-15"
"6518.547204","9.77E-16"
"6520.402617","9.61E-16"
"6522.258029","1.28E-15"
"6524.113442","1.39E-15"
"6525.968854","1.38E-15"
"6527.824267","1.31E-15"
"6529.679679","1.12E-15"
"6531.535092","1.04E-15"
"6533.390504","1.29E-15"
"6535.245917","1.15E-15"
"6537.101329","1.21E-15"
"6538.956742","1.33E-15"
"6540.812154","1.15E-15"
"6542.667567","1.25E-15"
"6544.522979","1.74E-15"
"6546.378392","2.03E-15"
"6548.233804","1.87E-15"
"6550.089217","2.06E-15"
"6551.944629","2.74E-15"
"6553.800042","7.17E-15"
"6555.655454","4.42E-14"
"6557.510867","1.09E-13"
"6559.366279","1.57E-13"
"6561.221692","1.55E-13"
"6563.077104","1.16E-13"
"6564.932517","4.96E-14"
"6566.787929","7.63E-15"
"6568.643342","1.81E-15"
"6570.498754","1.88E-15"
"6572.354167","1.64E-15"
"6574.209579","1.47E-15"
"6576.064991","1.63E-15"
"6577.920404","1.79E-15"
"6579.775816","1.90E-15"
"6581.631229","2.05E-15"
"6583.486641","1.93E-15"
"6585.342054","1.37E-15"
"6587.197466","9.58E-16"
"6589.052879","9.71E-16"
"6590.908291","9.15E-16"
"6592.763704","7.82E-16"
"6594.619116","8.22E-16"
"6596.474529","1.02E-15"
"6598.329941","1.07E-15"
"6600.185354","8.55E-16"
"6602.040766","7.73E-16"
"6603.896179","9.52E-16"
"6605.751591","9.73E-16"
"6607.607004","7.61E-16"
"6609.462416","7.17E-16"
"6611.317829","9.46E-16"
"6613.173241","1.04E-15"
"6615.028654","9.47E-16"
"6616.884066","8.56E-16"
"6618.739479","8.11E-16"
"6620.594891","7.34E-16"
"6622.450304","8.60E-16"
"6624.305716","1.12E-15"
"6626.161129","1.21E-15"
"6628.016541","9.80E-16"
"6629.871954","7.39E-16"
"6631.727366","7.89E-16"
"6633.582779","9.06E-16"
"6635.438191","8.79E-16"
"6637.293604","8.31E-16"
"6639.149016","9.08E-16"
"6641.004429","8.96E-16"
"6642.859841","9.36E-16"
"6644.715254","9.19E-16"
"6646.570666","8.41E-16"
"6648.426079","8.55E-16"
"6650.281491","8.71E-16"
"6652.136904","8.70E-16"
"6653.992316","9.47E-16"
"6655.847729","1.08E-15"
"6657.703141","1.06E-15"
"6659.558554","7.98E-16"
"6661.413966","7.94E-16"
"6663.269379","8.78E-16"
"6665.124791","9.51E-16"
"6666.980204","1.03E-15"
"6668.835616","9.72E-16"
"6670.691029","8.80E-16"
"6672.546441","9.26E-16"
"6674.401854","9.96E-16"
"6676.257266","1.14E-15"
"6678.112679","1.51E-15"
"6679.968091","1.61E-15"
"6681.823504","1.57E-15"
"6683.678916","1.29E-15"
"6685.534329","9.23E-16"
"6687.389741","8.48E-16"
"6689.245154","9.54E-16"
"6691.100566","8.35E-16"
"6692.955979","6.74E-16"
"6694.811391","7.26E-16"
"6696.666804","8.82E-16"
"6698.522216","9.02E-16"
"6700.377629","8.68E-16"
"6702.233041","8.93E-16"
"6704.088454","9.36E-16"
"6705.943866","9.36E-16"
"6707.799279","9.35E-16"
"6709.654691","8.76E-16"
"6711.510104","9.01E-16"
"6713.365516","1.04E-15"
"6715.220929","1.15E-15"
"6717.076341","1.07E-15"
"6718.931754","9.10E-16"
"6720.787166","8.49E-16"
"6722.642579","9.05E-16"
"6724.497991","9.96E-16"
"6726.353404","1.07E-15"
"6728.208816","1.16E-15"
"6730.064229","1.18E-15"
"6731.919641","1.05E-15"
"6733.775054","8.86E-16"
"6735.630466","8.59E-16"
"6737.485879","9.57E-16"
"6739.341291","9.70E-16"
"6741.196704","9.67E-16"
"6743.052116","9.33E-16"
"6744.907529","8.50E-16"
"6746.762941","8.92E-16"
"6748.618354","8.83E-16"
"6750.473766","8.43E-16"
"6752.329179","9.06E-16"
"6754.184591","9.99E-16"
"6756.040004","9.13E-16"
"6757.895416","8.20E-16"
"6759.750829","9.23E-16"
"6761.606241","9.74E-16"
"6763.461654","8.35E-16"
"6765.317066","8.04E-16"
"6767.172479","9.99E-16"
"6769.027891","1.00E-15"
"6770.883304","8.31E-16"
"6772.738716","7.04E-16"
"6774.594129","7.04E-16"
"6776.449541","8.42E-16"
"6778.304954","8.76E-16"
"6780.160366","8.50E-16"
"6782.015779","8.85E-16"
"6783.871191","9.28E-16"
"6785.726604","8.97E-16"
"6787.582016","1.04E-15"
"6789.437429","1.01E-15"
"6791.292841","9.17E-16"
"6793.148254","9.54E-16"
"6795.003666","8.31E-16"
"6796.859079","8.71E-16"
"6798.714491","9.11E-16"
"6800.569904","8.37E-16"
"6802.425316","8.22E-16"
"6804.280729","9.40E-16"
"6806.136141","8.49E-16"
"6807.991554","8.28E-16"
"6809.846966","9.61E-16"
"6811.702378","9.62E-16"
"6813.557791","7.26E-16"
"6815.413203","6.95E-16"
"6817.268616","9.12E-16"
"6819.124028","1.07E-15"
"6820.979441","1.04E-15"
"6822.834853","9.98E-16"
"6824.690266","9.83E-16"
"6826.545678","9.82E-16"
"6828.401091","9.81E-16"
"6830.256503","8.86E-16"
"6832.111916","8.16E-16"
"6833.967328","1.03E-15"
"6835.822741","9.69E-16"
"6837.678153","8.39E-16"
"6839.533566","7.73E-16"
"6841.388978","7.97E-16"
"6843.244391","9.08E-16"
"6845.099803","6.16E-16"
"6846.955216","1.39E-15"
"6848.810628","1.75E-15"
"6850.666041","1.02E-15"
"6852.521453","1.03E-15"
"6854.376866","9.27E-16"
"6856.232278","8.49E-16"
"6858.087691","1.23E-15"
"6859.943103","1.28E-15"
"6861.798516","5.26E-16"
"6863.653928","7.00E-16"
"6865.509341","7.57E-16"
"6867.364753","6.21E-16"
"6869.220166","6.26E-16"
"6871.075578","6.86E-16"
"6872.930991","6.83E-16"
"6874.786403","6.28E-16"
"6876.641816","7.97E-16"
"6878.497228","9.39E-16"
"6880.352641","8.83E-16"
"6882.208053","1.02E-15"
"6884.063466","1.06E-15"
"6885.918878","1.26E-15"
"6887.774291","1.53E-15"
"6889.629703","1.50E-15"
"6891.485116","1.19E-15"
"6893.340528","9.69E-16"
"6895.195941","9.02E-16"
"6897.051353","7.78E-16"
"6898.906766","6.60E-16"
"6900.762178","7.83E-16"
"6902.617591","8.72E-16"
"6904.473003","8.18E-16"
"6906.328416","8.01E-16"
"6908.183828","8.69E-16"
"6910.039241","8.91E-16"
"6911.894653","8.57E-16"
"6913.750066","7.19E-16"
"6915.605478","8.14E-16"
"6917.460891","8.70E-16"
"6919.316303","7.31E-16"
"6921.171716","1.00E-15"
"6923.027128","1.01E-15"
"6924.882541","9.92E-16"
"6926.737953","9.54E-16"
"6928.593366","8.38E-16"
"6930.448778","9.08E-16"
"6932.304191","8.58E-16"
"6934.159603","7.78E-16"
"6936.015016","8.16E-16"
"6937.870428","9.16E-16"
"6939.725841","9.17E-16"
"6941.581253","8.26E-16"
"6943.436666","8.23E-16"
"6945.292078","9.48E-16"
"6947.147491","9.92E-16"
"6949.002903","8.39E-16"
"6950.858316","7.41E-16"
"6952.713728","7.05E-16"
"6954.569141","8.95E-16"
"6956.424553","1.01E-15"
"6958.279966","7.96E-16"
"6960.135378","8.18E-16"
"6961.990791","9.84E-16"
"6963.846203","8.69E-16"
"6965.701616","6.99E-16"
"6967.557028","8.19E-16"
"6969.412441","9.36E-16"
"6971.267853","9.16E-16"
"6973.123266","8.51E-16"
"6974.978678","8.87E-16"
"6976.834091","9.81E-16"
"6978.689503","9.77E-16"
"6980.544916","9.33E-16"
"6982.400328","7.84E-16"
"6984.255741","7.55E-16"
"6986.111153","9.24E-16"
"6987.966566","9.95E-16"
"6989.821978","8.29E-16"
"6991.677391","8.33E-16"
"6993.532803","1.07E-15"
"6995.388216","1.12E-15"
"6997.243628","1.17E-15"
"6999.099041","2.41E-15"
"7000.954453","4.22E-15"
"7002.809866","5.26E-15"
"7004.665278","5.01E-15"
"7006.520691","3.71E-15"
"7008.376103","1.90E-15"
"7010.231516","7.71E-16"
"7012.086928","1.15E-15"
"7013.942341","1.51E-15"
"7015.797753","9.78E-16"
"7017.653166","9.48E-16"
"7019.508578","9.23E-16"
"7021.363991","6.25E-16"
"7023.219403","4.59E-16"
"7025.074816","5.64E-16"
"7026.930228","5.68E-16"
"7028.785641","5.60E-16"
"7030.641053","5.42E-16"
"7032.496466","1.13E-15"
"7034.351878","1.47E-15"
"7036.207291","6.77E-16"
"7038.062703","6.53E-16"
"7039.918116","8.22E-16"
"7041.773528","8.43E-16"
"7043.628941","8.98E-16"
"7045.484353","9.93E-16"
"7047.339765","8.49E-16"
"7049.195178","7.07E-16"
"7051.05059","6.79E-16"
"7052.906003","8.79E-16"
"7054.761415","1.07E-15"
"7056.616828","8.75E-16"
"7058.47224","1.02E-15"
"7060.327653","1.19E-15"
"7062.183065","1.06E-15"
"7064.038478","9.35E-16"
"7065.89389","1.09E-15"
"7067.749303","9.54E-16"
"7069.604715","8.73E-16"
"7071.460128","8.51E-16"
"7073.31554","7.90E-16"
"7075.170953","7.98E-16"
"7077.026365","8.18E-16"
"7078.881778","8.68E-16"
"7080.73719","9.41E-16"
"7082.592603","1.01E-15"
"7084.448015","9.96E-16"
"7086.303428","8.29E-16"
"7088.15884","8.24E-16"
"7090.014253","8.82E-16"
"7091.869665","8.89E-16"
"7093.725078","8.88E-16"
"7095.58049","8.90E-16"
"7097.435903","9.02E-16"
"7099.291315","8.47E-16"
"7101.146728","7.92E-16"
"7103.00214","8.22E-16"
"7104.857553","8.66E-16"
"7106.712965","8.57E-16"
"7108.568378","9.03E-16"
"7110.42379","9.30E-16"
"7112.279203","8.78E-16"
"7114.134615","8.04E-16"
"7115.990028","6.90E-16"
"7117.84544","8.12E-16"
"7119.700853","9.66E-16"
"7121.556265","8.80E-16"
"7123.411678","7.27E-16"
"7125.26709","8.41E-16"
"7127.122503","9.67E-16"
"7128.977915","1.93E-15"
"7130.833328","3.60E-15"
"7132.68874","4.73E-15"
"7134.544153","4.69E-15"
"7136.399565","3.47E-15"
"7138.254978","1.84E-15"
"7140.11039","8.91E-16"
"7141.965803","8.19E-16"
"7143.821215","8.14E-16"
"7145.676628","7.66E-16"
"7147.53204","8.52E-16"
"7149.387453","8.73E-16"
"7151.242865","7.83E-16"
"7153.098278","8.47E-16"
"7154.95369","8.14E-16"
"7156.809103","8.98E-16"
"7158.664515","9.26E-16"
"7160.519928","8.30E-16"
"7162.37534","8.73E-16"
"7164.230753","1.00E-15"
"7166.086165","1.15E-15"
"7167.941578","1.05E-15"
"7169.79699","1.02E-15"
"7171.652403","1.44E-15"
"7173.507815","1.68E-15"
"7175.363228","1.59E-15"
"7177.21864","1.43E-15"
"7179.074053","1.21E-15"
"7180.929465","9.08E-16"
"7182.784878","8.11E-16"
"7184.64029","7.15E-16"
"7186.495703","7.82E-16"
"7188.351115","8.50E-16"
"7190.206528","7.92E-16"
"7192.06194","8.28E-16"
"7193.917353","7.53E-16"
"7195.772765","7.70E-16"
"7197.628178","7.34E-16"
"7199.48359","6.52E-16"
"7201.339003","7.60E-16"
"7203.194415","7.29E-16"
"7205.049828","6.81E-16"
"7206.90524","7.12E-16"
"7208.760653","7.07E-16"
"7210.616065","6.15E-16"
"7212.471478","6.44E-16"
"7214.32689","6.91E-16"
"7216.182303","7.40E-16"
"7218.037715","6.99E-16"
"7219.893128","6.09E-16"
"7221.74854","7.45E-16"
"7223.603953","8.00E-16"
"7225.459365","7.02E-16"
"7227.314778","6.10E-16"
"7229.17019","6.54E-16"
"7231.025603","8.46E-16"
"7232.881015","1.18E-15"
"7234.736428","1.23E-15"
"7236.59184","1.18E-15"
"7238.447253","1.20E-15"
"7240.302665","9.52E-16"
"7242.158078","6.66E-16"
"7244.01349","7.69E-16"
"7245.868903","9.04E-16"
"7247.724315","7.72E-16"
"7249.579728","6.51E-16"
"7251.43514","6.88E-16"
"7253.290553","7.91E-16"
"7255.145965","8.43E-16"
"7257.001378","9.48E-16"
"7258.85679","1.16E-15"
"7260.712203","1.18E-15"
"7262.567615","1.03E-15"
"7264.423028","8.83E-16"
"7266.27844","7.51E-16"
"7268.133853","6.69E-16"
"7269.989265","7.57E-16"
"7271.844678","6.07E-16"
"7273.70009","6.63E-16"
"7275.555503","7.49E-16"
"7277.410915","9.03E-16"
"7279.266328","1.46E-15"
"7281.12174","9.40E-16"
"7282.977153","7.03E-16"
"7284.832565","7.99E-16"
"7286.687977","6.81E-16"
"7288.54339","6.81E-16"
"7290.398802","7.02E-16"
"7292.254215","6.74E-16"
"7294.109627","7.09E-16"
"7295.96504","8.02E-16"
"7297.820452","7.95E-16"
"7299.675865","6.98E-16"
"7301.531277","6.73E-16"
"7303.38669","6.35E-16"
"7305.242102","6.83E-16"
"7307.097515","8.38E-16"
"7308.952927","7.39E-16"
"7310.80834","6.66E-16"
"7312.663752","7.14E-16"
"7314.519165","9.09E-16"
"7316.374577","1.02E-15"
"7318.22999","7.71E-16"
"7320.085402","7.84E-16"
"7321.940815","8.86E-16"
"7323.796227","9.34E-16"
"7325.65164","9.37E-16"
"7327.507052","8.36E-16"
"7329.362465","7.18E-16"
"7331.217877","6.91E-16"
"7333.07329","7.45E-16"
"7334.928702","1.61E-15"
"7336.784115","2.86E-15"
"7338.639527","1.57E-15"
"7340.49494","5.17E-16"
"7342.350352","6.45E-16"
"7344.205765","8.62E-16"
"7346.061177","6.82E-16"
"7347.91659","8.05E-16"
"7349.772002","8.02E-16"
"7351.627415","6.58E-16"
"7353.482827","5.46E-16"
"7355.33824","5.36E-16"
"7357.193652","6.56E-16"
"7359.049065","8.33E-16"
"7360.904477","9.72E-16"
"7362.75989","1.01E-15"
"7364.615302","9.89E-16"
"7366.470715","9.47E-16"
"7368.326127","8.12E-16"
"7370.18154","7.81E-16"
"7372.036952","8.60E-16"
"7373.892365","8.26E-16"
"7375.747777","6.71E-16"
"7377.60319","7.87E-16"
"7379.458602","8.38E-16"
"7381.314015","8.34E-16"
"7383.169427","8.33E-16"
"7385.02484","7.82E-16"
"7386.880252","8.26E-16"
"7388.735665","7.96E-16"
"7390.591077","8.06E-16"
"7392.44649","8.08E-16"
"7394.301902","7.57E-16"
"7396.157315","8.92E-16"
"7398.012727","8.94E-16"
"7399.86814","7.13E-16"
"7401.723552","6.54E-16"
"7403.578965","7.45E-16"
"7405.434377","6.66E-16"
"7407.28979","7.21E-16"
"7409.145202","7.32E-16"
"7411.000615","6.97E-16"
"7412.856027","7.22E-16"
"7414.71144","7.36E-16"
"7416.566852","7.00E-16"
"7418.422265","6.21E-16"
"7420.277677","6.06E-16"
"7422.13309","6.75E-16"
"7423.988502","7.54E-16"
"7425.843915","8.61E-16"
"7427.699327","8.67E-16"
"7429.55474","8.28E-16"
"7431.410152","7.54E-16"
"7433.265565","6.47E-16"
"7435.120977","6.54E-16"
"7436.97639","6.54E-16"
"7438.831802","6.32E-16"
"7440.687215","6.30E-16"
"7442.542627","6.73E-16"
"7444.39804","7.57E-16"
"7446.253452","8.05E-16"
"7448.108865","7.93E-16"
"7449.964277","7.42E-16"
"7451.81969","7.01E-16"
"7453.675102","6.98E-16"
"7455.530515","6.78E-16"
"7457.385927","7.18E-16"
"7459.24134","6.86E-16"
"7461.096752","6.68E-16"
"7462.952165","8.49E-16"
"7464.807577","8.17E-16"
"7466.66299","6.44E-16"
"7468.518402","6.91E-16"
"7470.373815","8.73E-16"
"7472.229227","8.32E-16"
"7474.08464","7.12E-16"
"7475.940052","7.67E-16"
"7477.795465","7.91E-16"
"7479.650877","7.87E-16"
"7481.50629","7.93E-16"
"7483.361702","6.01E-16"
"7485.217115","8.42E-16"
"7487.072527","9.03E-16"
"7488.92794","6.92E-16"
"7490.783352","6.16E-16"
"7492.638765","6.25E-16"
"7494.494177","7.37E-16"
"7496.34959","8.34E-16"
"7498.205002","8.35E-16"
"7500.060415","7.70E-16"
"7501.915827","6.87E-16"
"7503.77124","6.05E-16"
"7505.626652","8.04E-16"
"7507.482065","9.09E-16"
"7509.337477","8.16E-16"
"7511.19289","8.50E-16"
"7513.048302","7.90E-16"
"7514.903715","8.05E-16"
"7516.759127","8.32E-16"
"7518.61454","9.11E-16"
"7520.469952","1.02E-15"
"7522.325364","8.63E-16"
"7524.180777","1.06E-15"
"7526.036189","1.27E-15"
"7527.891602","1.35E-15"
"7529.747014","1.37E-15"
"7531.602427","1.05E-15"
"7533.457839","7.63E-16"
"7535.313252","7.09E-16"
"7537.168664","6.92E-16"
"7539.024077","6.39E-16"
"7540.879489","7.05E-16"
"7542.734902","6.61E-16"
"7544.590314","6.71E-16"
"7546.445727","7.60E-16"
"7548.301139","8.03E-16"
"7550.156552","8.01E-16"
"7552.011964","8.66E-16"
"7553.867377","8.01E-16"
"7555.722789","6.76E-16"
"7557.578202","7.18E-16"
"7559.433614","8.38E-16"
"7561.289027","6.69E-16"
"7563.144439","6.48E-16"
"7564.999852","7.64E-16"
"7566.855264","7.88E-16"
"7568.710677","6.88E-16"
"7570.566089","6.26E-16"
"7572.421502","7.39E-16"
"7574.276914","8.52E-16"
"7576.132327","8.55E-16"
"7577.987739","8.09E-16"
"7579.843152","7.92E-16"
"7581.698564","8.24E-16"
"7583.553977","7.96E-16"
"7585.409389","9.66E-16"
"7587.264802","1.44E-15"
"7589.120214","1.81E-15"
"7590.975627","1.78E-15"
"7592.831039","1.39E-15"
"7594.686452","8.36E-16"
"7596.541864","4.70E-16"
"7598.397277","3.61E-16"
"7600.252689","8.26E-17"
"7602.108102","1.09E-16"
"7603.963514","2.28E-16"
"7605.818927","2.61E-16"
"7607.674339","3.02E-16"
"7609.529752","2.22E-16"
"7611.385164","2.49E-16"
"7613.240577","4.25E-16"
"7615.095989","6.14E-16"
"7616.951402","6.50E-16"
"7618.806814","5.07E-16"
"7620.662227","4.27E-16"
"7622.517639","4.51E-16"
"7624.373052","4.60E-16"
"7626.228464","3.93E-16"
"7628.083877","3.26E-16"
"7629.939289","3.23E-16"
"7631.794702","4.08E-16"
"7633.650114","4.01E-16"
"7635.505527","3.98E-16"
"7637.360939","5.54E-16"
"7639.216352","4.20E-16"
"7641.071764","4.94E-16"
"7642.927177","6.03E-16"
"7644.782589","5.82E-16"
"7646.638002","5.65E-16"
"7648.493414","4.18E-16"
"7650.348827","4.96E-16"
"7652.204239","5.97E-16"
"7654.059652","7.04E-16"
"7655.915064","8.36E-16"
"7657.770477","6.81E-16"
"7659.625889","7.32E-16"
"7661.481302","6.42E-16"
"7663.336714","6.12E-16"
"7665.192127","7.94E-16"
"7667.047539","6.44E-16"
"7668.902952","5.82E-16"
"7670.758364","7.16E-16"
"7672.613777","8.01E-16"
"7674.469189","7.65E-16"
"7676.324602","7.62E-16"
"7678.180014","6.62E-16"
"7680.035427","6.65E-16"
"7681.890839","7.08E-16"
"7683.746252","7.37E-16"
"7685.601664","8.09E-16"
"7687.457077","7.91E-16"
"7689.312489","6.97E-16"
"7691.167902","6.26E-16"
"7693.023314","6.80E-16"
"7694.878727","7.94E-16"
"7696.734139","7.68E-16"
"7698.589552","7.71E-16"
"7700.444964","8.48E-16"
"7702.300377","7.95E-16"
"7704.155789","6.43E-16"
"7706.011202","7.43E-16"
"7707.866614","8.75E-16"
"7709.722027","1.07E-15"
"7711.577439","1.09E-15"
"7713.432852","9.27E-16"
"7715.288264","9.19E-16"
"7717.143677","8.26E-16"
"7718.999089","9.66E-16"
"7720.854502","1.16E-15"
"7722.709914","1.17E-15"
"7724.565327","1.11E-15"
"7726.420739","1.02E-15"
"7728.276152","8.84E-16"
"7730.131564","7.93E-16"
"7731.986977","7.97E-16"
"7733.842389","8.05E-16"
"7735.697802","7.49E-16"
"7737.553214","7.51E-16"
"7739.408627","7.39E-16"
"7741.264039","7.27E-16"
"7743.119452","8.90E-16"
"7744.974864","1.27E-15"
"7746.830277","1.61E-15"
"7748.685689","1.68E-15"
"7750.541102","1.61E-15"
"7752.396514","1.41E-15"
"7754.251927","8.90E-16"
"7756.107339","6.46E-16"
"7757.962751","6.48E-16"
"7759.818164","7.77E-16"
"7761.673576","8.40E-16"
"7763.528989","6.90E-16"
"7765.384401","6.76E-16"
"7767.239814","7.01E-16"
"7769.095226","6.92E-16"
"7770.950639","6.86E-16"
"7772.806051","7.19E-16"
"7774.661464","7.94E-16"
"7776.516876","8.68E-16"
"7778.372289","7.43E-16"
"7780.227701","6.26E-16"
"7782.083114","6.83E-16"
"7783.938526","5.67E-16"
"7785.793939","7.96E-16"
"7787.649351","8.61E-16"
"7789.504764","7.23E-16"
"7791.360176","7.08E-16"
"7793.215589","6.71E-16"
"7795.071001","9.21E-16"
"7796.926414","8.68E-16"
"7798.781826","7.20E-16"
"7800.637239","7.24E-16"
"7802.492651","5.94E-16"
"7804.348064","9.12E-16"
"7806.203476","8.75E-16"
"7808.058889","7.46E-16"
"7809.914301","8.30E-16"
"7811.769714","7.48E-16"
"7813.625126","7.91E-16"
"7815.480539","9.09E-16"
"7817.335951","9.57E-16"
"7819.191364","9.03E-16"
"7821.046776","8.88E-16"
"7822.902189","1.02E-15"
"7824.757601","9.56E-16"
"7826.613014","8.05E-16"
"7828.468426","7.30E-16"
"7830.323839","7.16E-16"
"7832.179251","7.71E-16"
"7834.034664","8.32E-16"
"7835.890076","7.98E-16"
"7837.745489","6.37E-16"
"7839.600901","5.99E-16"
"7841.456314","8.61E-16"
"7843.311726","7.95E-16"
"7845.167139","7.49E-16"
"7847.022551","9.52E-16"
"7848.877964","9.64E-16"
"7850.733376","5.65E-16"
"7852.588789","6.15E-16"
"7854.444201","7.33E-16"
"7856.299614","8.15E-16"
"7858.155026","8.71E-16"
"7860.010439","8.06E-16"
"7861.865851","8.14E-16"
"7863.721264","7.58E-16"
"7865.576676","5.52E-16"
"7867.432089","4.49E-16"
"7869.287501","7.08E-16"
"7871.142914","1.05E-15"
"7872.998326","8.72E-16"
"7874.853739","7.80E-16"
"7876.709151","9.48E-16"
"7878.564564","9.28E-16"
"7880.419976","7.22E-16"
"7882.275389","7.64E-16"
"7884.130801","7.62E-16"
"7885.986214","7.16E-16"
"7887.841626","7.79E-16"
"7889.697039","8.02E-16"
"7891.552451","7.54E-16"
"7893.407864","8.09E-16"
"7895.263276","8.22E-16"
"7897.118689","6.87E-16"
"7898.974101","6.09E-16"
"7900.829514","7.08E-16"
"7902.684926","6.94E-16"
"7904.540339","6.13E-16"
"7906.395751","8.39E-16"
"7908.251164","1.24E-15"
"7910.106576","1.02E-15"
"7911.961989","6.56E-16"
"7913.817401","6.51E-16"
"7915.672814","8.47E-16"
"7917.528226","8.56E-16"
"7919.383639","6.85E-16"
"7921.239051","6.01E-16"
"7923.094464","6.09E-16"
"7924.949876","6.90E-16"
"7926.805289","7.15E-16"
"7928.660701","5.82E-16"
"7930.516114","7.75E-16"
"7932.371526","8.81E-16"
"7934.226939","7.78E-16"
"7936.082351","7.05E-16"
"7937.937764","7.46E-16"
"7939.793176","8.08E-16"
"7941.648589","7.94E-16"
"7943.504001","7.72E-16"
"7945.359414","7.39E-16"
"7947.214826","7.05E-16"
"7949.070239","8.72E-16"
"7950.925651","8.41E-16"
"7952.781064","8.34E-16"
"7954.636476","8.60E-16"
"7956.491889","8.32E-16"
"7958.347301","1.07E-15"
"7960.202714","9.17E-16"
"7962.058126","8.46E-16"
"7963.913539","7.56E-16"
"7965.768951","5.25E-16"
"7967.624364","7.90E-16"
"7969.479776","7.41E-16"
"7971.335189","6.24E-16"
"7973.190601","5.98E-16"
"7975.046014","6.72E-16"
"7976.901426","9.00E-16"
"7978.756839","8.26E-16"
"7980.612251","6.83E-16"
"7982.467664","6.70E-16"
"7984.323076","7.76E-16"
"7986.178489","8.47E-16"
"7988.033901","6.86E-16"
"7989.889314","8.04E-16"
"7991.744726","8.50E-16"
"7993.600138","7.42E-16"
"7995.455551","8.12E-16"
"7997.310963","7.87E-16"
"7999.166376","7.31E-16"
"8001.021788","6.85E-16"
"8002.877201","6.85E-16"
"8004.732613","7.51E-16"
"8006.588026","7.99E-16"
"8008.443438","7.07E-16"
"8010.298851","7.06E-16"
"8012.154263","8.16E-16"
"8014.009676","7.94E-16"
"8015.865088","6.18E-16"
"8017.720501","6.86E-16"
"8019.575913","7.06E-16"
"8021.431326","5.24E-16"
"8023.286738","4.54E-16"
"8025.142151","7.39E-16"
"8026.997563","9.69E-16"
"8028.852976","9.58E-16"
"8030.708388","7.51E-16"
"8032.563801","6.14E-16"
"8034.419213","6.47E-16"
"8036.274626","5.87E-16"
"8038.130038","8.79E-16"
"8039.985451","1.47E-15"
"8041.840863","1.93E-15"
"8043.696276","2.08E-15"
"8045.551688","2.02E-15"
"8047.407101","1.44E-15"
"8049.262513","8.28E-16"
"8051.117926","6.05E-16"
"8052.973338","6.63E-16"
"8054.828751","7.22E-16"
"8056.684163","7.54E-16"
"8058.539576","6.51E-16"
"8060.394988","5.68E-16"
"8062.250401","7.12E-16"
"8064.105813","8.83E-16"
"8065.961226","6.36E-16"
"8067.816638","7.06E-16"
"8069.672051","7.98E-16"
"8071.527463","6.65E-16"
"8073.382876","7.18E-16"
"8075.238288","6.97E-16"
"8077.093701","5.88E-16"
"8078.949113","5.61E-16"
"8080.804526","6.17E-16"
"8082.659938","6.07E-16"
"8084.515351","5.37E-16"
"8086.370763","4.97E-16"
"8088.226176","7.47E-16"
"8090.081588","9.01E-16"
"8091.937001","6.82E-16"
"8093.792413","6.75E-16"
"8095.647826","7.41E-16"
"8097.503238","7.06E-16"
"8099.358651","6.95E-16"
"8101.214063","7.28E-16"
"8103.069476","6.27E-16"
"8104.924888","6.61E-16"
"8106.780301","7.48E-16"
"8108.635713","7.25E-16"
"8110.491126","6.71E-16"
"8112.346538","7.00E-16"
"8114.201951","5.93E-16"
"8116.057363","6.03E-16"
"8117.912776","7.61E-16"
"8119.768188","8.26E-16"
"8121.623601","7.83E-16"
"8123.479013","9.22E-16"
"8125.334426","7.28E-16"
"8127.189838","6.39E-16"
"8129.045251","7.71E-16"
"8130.900663","7.35E-16"
"8132.756076","6.36E-16"
"8134.611488","5.61E-16"
"8136.466901","5.37E-16"
"8138.322313","5.78E-16"
"8140.177726","6.03E-16"
"8142.033138","5.03E-16"
"8143.888551","4.62E-16"
"8145.743963","5.02E-16"
"8147.599376","5.34E-16"
"8149.454788","6.01E-16"
"8151.310201","7.48E-16"
"8153.165613","6.55E-16"
"8155.021026","5.68E-16"
"8156.876438","5.48E-16"
"8158.731851","5.44E-16"
"8160.587263","5.75E-16"
"8162.442676","5.83E-16"
"8164.298088","6.35E-16"
"8166.153501","6.28E-16"
"8168.008913","6.49E-16"
"8169.864326","7.16E-16"
"8171.719738","4.91E-16"
"8173.575151","4.99E-16"
"8175.430563","5.57E-16"
"8177.285976","5.19E-16"
"8179.141388","5.78E-16"
"8180.996801","7.39E-16"
"8182.852213","7.35E-16"
"8184.707626","7.23E-16"
"8186.563038","7.33E-16"
"8188.418451","7.50E-16"
"8190.273863","8.79E-16"
"8192.129276","9.45E-16"
"8193.984688","1.05E-15"
"8195.840101","1.01E-15"
"8197.695513","8.33E-16"
"8199.550926","8.17E-16"
"8201.406338","7.61E-16"
"8203.261751","6.89E-16"
"8205.117163","7.40E-16"
"8206.972576","8.70E-16"
"8208.827988","8.60E-16"
"8210.683401","6.84E-16"
"8212.538813","7.10E-16"
"8214.394226","7.18E-16"
"8216.249638","5.89E-16"
"8218.105051","4.92E-16"
"8219.960463","4.43E-16"
"8221.815876","5.50E-16"
"8223.671288","6.46E-16"
"8225.526701","5.57E-16"
"8227.382113","5.04E-16"
"8229.237525","9.71E-16"
"8231.092938","1.91E-15"
"8232.94835","2.50E-15"
"8234.803763","2.72E-15"
"8236.659175","2.53E-15"
"8238.514588","1.54E-15"
"8240.37","8.29E-16"
"8242.225413","7.75E-16"
"8244.080825","8.57E-16"
"8245.936238","7.53E-16"
"8247.79165","7.08E-16"
"8249.647063","7.40E-16"
"8251.502475","5.99E-16"
"8253.357888","6.35E-16"
"8255.2133","7.68E-16"
"8257.068713","6.60E-16"
"8258.924125","6.88E-16"
"8260.779538","6.89E-16"
"8262.63495","6.93E-16"
"8264.490363","6.20E-16"
"8266.345775","5.24E-16"
"8268.201188","7.15E-16"
"8270.0566","7.38E-16"
"8271.912013","6.16E-16"
"8273.767425","5.84E-16"
"8275.622838","6.95E-16"
"8277.47825","7.88E-16"
"8279.333663","7.22E-16"
"8281.189075","6.39E-16"
"8283.044488","6.94E-16"
"8284.8999","7.41E-16"
"8286.755313","6.40E-16"
"8288.610725","7.35E-16"
"8290.466138","7.44E-16"
"8292.32155","7.40E-16"
"8294.176963","7.51E-16"
"8296.032375","6.72E-16"
"8297.887788","7.19E-16"
"8299.7432","6.54E-16"
"8301.598613","5.39E-16"
"8303.454025","5.47E-16"
"8305.309438","6.70E-16"
"8307.16485","7.49E-16"
"8309.020263","7.02E-16"
"8310.875675","6.10E-16"
"8312.731088","6.34E-16"
"8314.5865","7.12E-16"
"8316.441913","6.07E-16"
"8318.297325","5.20E-16"
"8320.152738","5.79E-16"
"8322.00815","6.10E-16"
"8323.863563","5.74E-16"
"8325.718975","6.51E-16"
"8327.574388","6.79E-16"
"8329.4298","6.64E-16"
"8331.285213","6.22E-16"
"8333.140625","4.94E-16"
"8334.996038","4.91E-16"
"8336.85145","9.96E-16"
"8338.706863","5.92E-16"
"8340.562275","3.75E-16"
"8342.417688","4.85E-16"
"8344.2731","2.92E-16"
"8346.128513","1.04E-15"
"8347.983925","7.80E-16"
"8349.839338","5.61E-16"
"8351.69475","8.05E-16"
"8353.550163","7.48E-16"
"8355.405575","6.96E-16"
"8357.260988","6.18E-16"
"8359.1164","5.10E-16"
"8360.971813","6.08E-16"
"8362.827225","8.29E-16"
"8364.682638","7.47E-16"
"8366.53805","6.14E-16"
"8368.393463","6.36E-16"
"8370.248875","6.97E-16"
"8372.104288","6.33E-16"
"8373.9597","5.39E-16"
"8375.815113","6.62E-16"
"8377.670525","7.42E-16"
"8379.525938","-2.84E-17"
"8381.38135","-5.27E-16"
"8383.236763","4.25E-16"
"8385.092175","7.07E-16"
"8386.947588","7.21E-16"
"8388.803","5.73E-16"
"8390.658413","6.06E-16"
"8392.513825","1.04E-15"
"8394.369238","1.12E-15"
"8396.22465","7.59E-16"
"8398.080063","7.10E-16"
"8399.935475","8.46E-16"
"8401.790888","7.37E-16"
"8403.6463","6.50E-16"
"8405.501713","4.50E-16"
"8407.357125","4.78E-16"
"8409.212538","7.02E-16"
"8411.06795","8.32E-16"
"8412.923363","7.90E-16"
"8414.778775","6.50E-16"
"8416.634188","6.57E-16"
"8418.4896","6.63E-16"
"8420.345013","6.21E-16"
"8422.200425","6.83E-16"
"8424.055838","6.68E-16"
"8425.91125","7.16E-16"
"8427.766663","3.49E-16"
"8429.622075","2.60E-16"
"8431.477488","9.67E-16"
"8433.3329","8.72E-16"
"8435.188313","6.96E-16"
"8437.043725","6.58E-16"
"8438.899138","6.37E-16"
"8440.75455","6.28E-16"
"8442.609963","6.53E-16"
"8444.465375","7.40E-16"
"8446.320788","9.37E-16"
"8448.1762","9.62E-16"
"8450.031613","7.67E-16"
"8451.887025","6.55E-16"
"8453.742438","3.84E-16"
"8455.59785","5.72E-16"
"8457.453263","7.19E-16"
"8459.308675","6.78E-16"
"8461.164088","9.46E-16"
"8463.0195","6.88E-16"
"8464.874913","9.56E-16"
"8466.730325","1.02E-15"
"8468.585737","6.53E-16"
"8470.44115","6.66E-16"
"8472.296562","5.82E-16"
"8474.151975","7.26E-16"
"8476.007387","7.15E-16"
"8477.8628","5.41E-16"
"8479.718212","5.19E-16"
"8481.573625","4.40E-16"
"8483.429037","4.84E-16"
"8485.28445","4.02E-16"
"8487.139862","3.68E-16"
"8488.995275","5.89E-16"
"8490.850687","6.87E-16"
"8492.7061","5.50E-16"
"8494.561512","6.52E-16"
"8496.416925","8.66E-16"
"8498.272337","8.91E-16"
"8500.12775","8.55E-16"
"8501.983162","8.33E-16"
"8503.838575","9.76E-16"
"8505.693987","7.22E-16"
"8507.5494","3.08E-16"
"8509.404812","4.38E-16"
"8511.260225","3.67E-16"
"8513.115637","5.96E-16"
"8514.97105","7.54E-16"
"8516.826462","6.21E-16"
"8518.681875","5.27E-16"
"8520.537287","4.55E-16"
"8522.3927","3.79E-17"
"8524.248112","3.82E-16"
"8526.103525","3.93E-16"
"8527.958937","4.91E-16"
"8529.81435","8.28E-16"
"8531.669762","5.99E-16"
"8533.525175","4.59E-16"
"8535.380587","6.04E-16"
"8537.236","6.74E-16"
"8539.091412","6.90E-16"
"8540.946825","7.95E-16"
"8542.802237","9.93E-16"
"8544.65765","1.01E-15"
"8546.513062","7.93E-16"
"8548.368475","6.32E-16"
"8550.223887","5.53E-16"
"8552.0793","3.79E-16"
"8553.934712","4.29E-16"
"8555.790125","6.93E-16"
"8557.645537","7.29E-16"
"8559.50095","5.57E-16"
"8561.356362","4.39E-16"
"8563.211775","5.33E-16"
"8565.067187","6.42E-16"
"8566.9226","6.03E-16"
"8568.778012","6.22E-16"
"8570.633425","6.59E-16"
"8572.488837","5.89E-16"
"8574.34425","4.93E-16"
"8576.199662","4.87E-16"
"8578.055075","5.19E-16"
"8579.910487","5.98E-16"
"8581.7659","6.43E-16"
"8583.621312","6.50E-16"
"8585.476725","6.03E-16"
"8587.332137","5.08E-16"
"8589.18755","6.10E-16"
"8591.042962","9.10E-16"
"8592.898375","9.99E-16"
"8594.753787","1.00E-15"
"8596.6092","1.21E-15"
"8598.464612","9.57E-16"
"8600.320025","6.30E-16"
"8602.175437","5.28E-16"
"8604.03085","5.64E-16"
"8605.886262","5.56E-16"
"8607.741675","5.22E-16"
"8609.597087","6.04E-16"
"8611.4525","5.99E-16"
"8613.307912","5.91E-16"
"8615.163325","6.98E-16"
"8617.018737","6.70E-16"
"8618.87415","6.47E-16"
"8620.729562","7.12E-16"
"8622.584975","6.25E-16"
"8624.440387","3.77E-16"
"8626.2958","3.94E-16"
"8628.151212","6.42E-16"
"8630.006625","5.91E-16"
"8631.862037","4.43E-16"
"8633.71745","5.21E-16"
"8635.572862","6.32E-16"
"8637.428275","6.29E-16"
"8639.283687","5.63E-16"
"8641.1391","5.61E-16"
"8642.994512","5.59E-16"
"8644.849925","4.93E-16"
"8646.705337","5.65E-16"
"8648.56075","6.62E-16"
"8650.416162","7.26E-16"
"8652.271575","5.71E-16"
"8654.126987","3.18E-16"
"8655.9824","5.52E-16"
"8657.837812","9.87E-16"
"8659.693225","1.33E-15"
"8661.548637","1.48E-15"
"8663.40405","1.37E-15"
"8665.259462","1.03E-15"
"8667.114875","8.57E-16"
"8668.970287","7.78E-16"
"8670.8257","6.12E-16"
"8672.681112","4.37E-16"
"8674.536525","4.51E-16"
"8676.391937","4.96E-16"
"8678.24735","5.18E-16"
"8680.102762","4.63E-16"
"8681.958175","5.10E-16"
"8683.813587","7.71E-16"
"8685.669","7.96E-16"
"8687.524412","5.63E-16"
"8689.379825","5.19E-16"
"8691.235237","6.55E-16"
"8693.09065","6.52E-16"
"8694.946062","6.48E-16"
"8696.801475","6.81E-16"
"8698.656887","7.66E-16"
"8700.5123","7.36E-16"
"8702.367712","5.94E-16"
"8704.223124","6.26E-16"
"8706.078537","5.93E-16"
"8707.933949","5.79E-16"
"8709.789362","5.67E-16"
"8711.644774","5.16E-16"
"8713.500187","5.79E-16"
"8715.355599","7.95E-16"
"8717.211012","7.98E-16"
"8719.066424","6.95E-16"
"8720.921837","5.88E-16"
"8722.777249","3.86E-16"
"8724.632662","4.22E-16"
"8726.488074","5.87E-16"
"8728.343487","5.98E-16"
"8730.198899","4.34E-16"
"8732.054312","3.58E-16"
"8733.909724","5.10E-16"
"8735.765137","6.08E-16"
"8737.620549","5.59E-16"
"8739.475962","5.30E-16"
"8741.331374","6.33E-16"
"8743.186787","8.21E-16"
"8745.042199","1.26E-15"
"8746.897612","1.51E-15"
"8748.753024","1.42E-15"
"8750.608437","1.15E-15"
"8752.463849","8.89E-16"
"8754.319262","7.66E-16"
"8756.174674","6.72E-16"
"8758.030087","6.45E-16"
"8759.885499","7.25E-16"
"8761.740912","8.07E-16"
"8763.596324","8.71E-17"
"8765.451737","7.31E-16"
"8767.307149","7.54E-16"
"8769.162562","7.75E-16"
"8771.017974","4.58E-16"
"8772.873387","6.24E-16"
"8774.728799","7.94E-16"
"8776.584212","6.23E-16"
"8778.439624","5.97E-16"
"8780.295037","8.94E-16"
"8782.150449","7.06E-16"
"8784.005862","6.26E-16"
"8785.861274","7.39E-16"
"8787.716687","7.89E-16"
"8789.572099","6.32E-16"
"8791.427512","3.94E-16"
"8793.282924","4.44E-16"
"8795.138337","6.91E-16"
"8796.993749","8.28E-16"
"8798.849162","7.50E-16"
"8800.704574","5.99E-16"
"8802.559987","4.57E-16"
"8804.415399","5.48E-16"
"8806.270812","6.25E-16"
"8808.126224","4.71E-16"
"8809.981637","3.34E-16"
"8811.837049","4.80E-16"
"8813.692462","7.15E-16"
"8815.547874","7.10E-16"
"8817.403287","6.25E-16"
"8819.258699","6.97E-16"
"8821.114112","6.28E-16"
"8822.969524","8.31E-16"
"8824.824937","4.81E-16"
"8826.680349","3.63E-16"
"8828.535762","9.86E-16"
"8830.391174","5.14E-16"
"8832.246587","5.37E-16"
"8834.101999","2.44E-16"
"8835.957412","2.10E-16"
"8837.812824","8.61E-16"
"8839.668237","6.30E-16"
"8841.523649","4.23E-16"
"8843.379062","4.28E-16"
"8845.234474","5.74E-16"
"8847.089887","7.10E-16"
"8848.945299","6.49E-16"
"8850.800712","5.52E-16"
"8852.656124","5.36E-16"
"8854.511537","6.83E-16"
"8856.366949","1.07E-15"
"8858.222362","1.54E-15"
"8860.077774","1.66E-15"
"8861.933187","1.92E-15"
"8863.788599","1.51E-15"
"8865.644012","7.74E-16"
"8867.499424","7.21E-16"
"8869.354837","6.81E-16"
"8871.210249","6.73E-16"
"8873.065662","5.15E-16"
"8874.921074","4.77E-16"
"8876.776487","7.07E-16"
"8878.631899","7.60E-16"
"8880.487312","9.47E-16"
"8882.342724","6.41E-16"
"8884.198137","5.06E-16"
"8886.053549","7.47E-16"
"8887.908962","3.98E-16"
"8889.764374","5.56E-16"
"8891.619787","5.98E-16"
"8893.475199","5.80E-16"
"8895.330612","7.87E-16"
"8897.186024","9.06E-16"
"8899.041437","8.17E-16"
"8900.896849","5.23E-16"
"8902.752262","4.94E-16"
"8904.607674","5.86E-16"
"8906.463087","4.18E-16"
"8908.318499","5.06E-16"
"8910.173912","6.75E-16"
"8912.029324","6.84E-16"
"8913.884737","9.12E-16"
"8915.740149","1.32E-15"
"8917.595562","1.08E-15"
"8919.450974","1.20E-15"
"8921.306387","6.77E-16"
"8923.161799","2.80E-16"
"8925.017212","7.27E-16"
"8926.872624","6.87E-16"
"8928.728037","7.43E-16"
"8930.583449","6.39E-16"
"8932.438862","4.79E-16"
"8934.294274","5.09E-16"
"8936.149687","5.84E-16"
"8938.005099","6.07E-16"
"8939.860511","2.98E-16"
"8941.715924","3.19E-16"
"8943.571336","7.85E-16"
"8945.426749","9.20E-16"
"8947.282161","6.90E-16"
"8949.137574","6.03E-16"
"8950.992986","7.14E-16"
"8952.848399","5.41E-16"
"8954.703811","1.02E-16"
"8956.559224","2.04E-16"
"8958.414636","3.39E-16"
"8960.270049","3.78E-16"
"8962.125461","4.50E-16"
"8963.980874","5.39E-16"
"8965.836286","5.13E-16"
"8967.691699","4.44E-16"
"8969.547111","6.04E-16"
"8971.402524","7.61E-16"
"8973.257936","6.46E-16"
"8975.113349","4.82E-16"
"8976.968761","5.04E-16"
"8978.824174","6.38E-16"
"8980.679586","6.26E-16"
"8982.534999","4.23E-16"
"8984.390411","3.56E-16"
"8986.245824","6.31E-16"
"8988.101236","3.14E-16"
"8989.956649","2.02E-16"
"8991.812061","5.64E-16"
"8993.667474","7.05E-16"
"8995.522886","9.13E-16"
"8997.378299","8.64E-16"
"8999.233711","5.89E-16"
"9001.089124","3.19E-16"
"9002.944536","2.52E-16"
"9004.799949","4.68E-17"
"9006.655361","7.75E-16"
"9008.510774","1.44E-15"
"9010.366186","2.00E-15"
"9012.221599","2.07E-15"
"9014.077011","2.00E-15"
"9015.932424","1.40E-15"
"9017.787836","8.87E-16"
"9019.643249","6.47E-16"
"9021.498661","6.07E-16"
"9023.354074","7.96E-16"
"9025.209486","7.74E-16"
"9027.064899","6.09E-16"
"9028.920311","3.64E-16"
"9030.775724","2.99E-16"
"9032.631136","5.83E-16"
"9034.486549","7.06E-16"
"9036.341961","5.50E-16"
"9038.197374","6.17E-16"
"9040.052786","8.12E-16"
"9041.908199","6.74E-16"
"9043.763611","5.45E-16"
"9045.619024","9.33E-16"
"9047.474436","7.27E-16"
"9049.329849","4.12E-16"
"9051.185261","6.81E-16"
"9053.040674","4.74E-16"
"9054.896086","4.98E-16"
"9056.751499","7.61E-16"
"9058.606911","7.83E-16"
"9060.462324","1.07E-15"
"9062.317736","3.07E-15"
"9064.173149","6.59E-15"
"9066.028561","7.96E-15"
"9067.883974","7.44E-15"
"9069.739386","5.54E-15"
"9071.594799","2.10E-15"
"9073.450211","8.28E-16"
"9075.305624","7.60E-16"
"9077.161036","5.33E-16"
"9079.016449","3.70E-16"
"9080.871861","6.47E-16"
"9082.727274","5.68E-16"
"9084.582686","7.65E-16"
"9086.438099","9.50E-16"
"9088.293511","8.15E-16"
"9090.148924","6.79E-16"
"9092.004336","7.58E-16"
"9093.859749","4.39E-16"
"9095.715161","4.32E-16"
"9097.570574","8.18E-16"
"9099.425986","1.01E-15"
"9101.281399","8.79E-16"
"9103.136811","6.63E-16"
"9104.992224","7.57E-16"
"9106.847636","8.37E-16"
"9108.703049","6.61E-16"
"9110.558461","6.18E-16"
"9112.413874","7.97E-16"
"9114.269286","6.11E-16"
"9116.124699","2.43E-16"
"9117.980111","3.15E-16"
"9119.835524","6.85E-16"
"9121.690936","4.49E-16"
"9123.546349","3.36E-16"
"9125.401761","5.50E-16"
"9127.257174","5.96E-16"
"9129.112586","4.33E-16"
"9130.967999","7.19E-16"
"9132.823411","8.41E-16"
"9134.678824","5.97E-16"
"9136.534236","4.10E-16"
"9138.389649","6.19E-16"
"9140.245061","9.57E-16"
"9142.100474","9.55E-16"
"9143.955886","4.50E-16"
"9145.811299","3.09E-16"
"9147.666711","6.74E-16"
"9149.522124","6.56E-16"
"9151.377536","8.15E-16"
"9153.232949","6.23E-16"
"9155.088361","6.33E-16"
"9156.943774","8.80E-16"
"9158.799186","7.02E-16"
"9160.654599","9.15E-16"
"9162.510011","8.35E-16"
"9164.365424","8.26E-16"
"9166.220836","9.16E-16"
"9168.076249","6.86E-16"
"9169.931661","6.99E-16"
"9171.787074","8.23E-16"
"9173.642486","8.89E-16"
"9175.497898","7.62E-16"
"9177.353311","5.98E-16"
"9179.208723","7.83E-16"
"9181.064136","9.40E-16"
"9182.919548","6.94E-16"
"9184.774961","6.14E-16"
"9186.630373","8.35E-16"
"9188.485786","6.01E-16"
"9190.341198","5.43E-16"
"9192.196611","4.37E-16"
"9194.052023","4.18E-16"
"9195.907436","6.56E-16"
"9197.762848","8.13E-16"
"9199.618261","6.98E-16"
"9201.473673","7.71E-16"
"9203.329086","8.27E-16"
"9205.184498","7.12E-16"
"9207.039911","7.43E-16"
"9208.895323","8.88E-16"
"9210.750736","5.21E-16"
"9212.606148","2.50E-16"
"9214.461561","4.33E-16"
"9216.316973","6.59E-16"
"9218.172386","8.04E-16"
"9220.027798","1.16E-15"
"9221.883211","2.07E-15"
"9223.738623","2.97E-15"
"9225.594036","3.36E-15"
"9227.449448","3.47E-15"
"9229.304861","2.67E-15"
"9231.160273","1.32E-15"
"9233.015686","5.99E-16"
"9234.871098","6.71E-16"
"9236.726511","6.43E-16"
"9238.581923","7.39E-16"
"9240.437336","7.26E-16"
"9242.292748","8.52E-16"
"9244.148161","9.94E-16"
"9246.003573","7.73E-16"
"9247.858986","7.99E-16"
"9249.714398","6.61E-16"
"9251.569811","7.81E-16"
"9253.425223","1.06E-15"
"9255.280636","9.46E-16"
"9257.136048","8.66E-16"
"9258.991461","5.76E-16"
"9260.846873","6.00E-16"
"9262.702286","8.78E-16"
"9264.557698","9.70E-16"
"9266.413111","1.01E-15"
"9268.268523","7.42E-16"
"9270.123936","6.21E-16"
"9271.979348","5.68E-16"
"9273.834761","5.80E-16"
"9275.690173","9.49E-16"
"9277.545586","6.73E-16"
"9279.400998","7.05E-16"
"9281.256411","1.07E-15"
"9283.111823","9.88E-16"
"9284.967236","4.58E-16"
"9286.822648","2.45E-16"
"9288.678061","6.70E-16"
"9290.533473","7.16E-16"
"9292.388886","3.42E-16"
"9294.244298","4.38E-16"
"9296.099711","5.33E-16"
"9297.955123","5.81E-16"
"9299.810536","7.21E-16"
"9301.665948","9.30E-16"
"9303.521361","1.06E-15"
"9305.376773","1.11E-15"
"9307.232186","1.23E-15"
"9309.087598","8.34E-16"
"9310.943011","4.57E-16"
"9312.798423","6.73E-16"
"9314.653836","8.09E-16"
"9316.509248","1.13E-15"
"9318.364661","9.46E-16"
"9320.220073","8.03E-16"
"9322.075486","1.14E-15"
"9323.930898","1.14E-15"
"9325.786311","7.18E-16"
"9327.641723","4.20E-16"
"9329.497136","4.66E-16"
"9331.352548","7.43E-16"
"9333.207961","8.12E-16"
"9335.063373","2.27E-16"
"9336.918786","6.72E-16"
"9338.774198","1.23E-15"
"9340.629611","1.27E-15"
"9342.485023","1.63E-15"
"9344.340436","2.14E-15"
"9346.195848","1.52E-15"
"9348.051261","5.27E-16"
"9349.906673","1.76E-16"
"9351.762086","4.44E-16"
"9353.617498","7.87E-16"
"9355.472911","6.94E-16"
"9357.328323","5.91E-16"
"9359.183736","6.02E-16"
"9361.039148","6.12E-16"
"9362.894561","7.43E-16"
"9364.749973","8.10E-16"
"9366.605386","4.77E-16"
"9368.460798","1.09E-15"
"9370.316211","1.93E-15"
"9372.171623","9.15E-16"
"9374.027036","4.78E-16"
"9375.882448","2.53E-16"
"9377.737861","4.06E-16"
"9379.593273","8.36E-16"
"9381.448686","9.74E-16"
"9383.304098","1.19E-15"
"9385.159511","7.95E-16"
"9387.014923","6.12E-16"
"9388.870336","1.02E-15"
"9390.725748","1.17E-15"
"9392.581161","5.74E-16"
"9394.436573","1.37E-16"
"9396.291986","5.13E-17"
"9398.147398","2.38E-16"
"9400.002811","4.49E-16"
"9401.858223","4.55E-16"
"9403.713636","9.48E-16"
"9405.569048","9.17E-16"
"9407.424461","2.84E-16"
"9409.279873","1.41E-16"
"9411.135286","7.51E-16"
"9412.990698","7.28E-16"
"9414.84611","9.07E-16"
"9416.701523","9.30E-16"
"9418.556935","6.09E-16"
"9420.412348","5.55E-16"
"9422.26776","2.22E-16"
"9424.123173","-2.18E-17"
"9425.978585","4.63E-18"
"9427.833998","1.32E-16"
"9429.68941","3.63E-16"
"9431.544823","1.12E-15"
"9433.400235","2.43E-15"
"9435.255648","1.97E-15"
"9437.11106","9.56E-16"
"9438.966473","1.15E-15"
"9440.821885","5.89E-16"
"9442.677298","6.67E-16"
"9444.53271","7.27E-16"
"9446.388123","6.48E-16"
"9448.243535","7.26E-16"
"9450.098948","5.95E-16"
"9451.95436","5.99E-16"
"9453.809773","1.98E-16"
"9455.665185","-1.18E-16"
"9457.520598","4.91E-16"
"9459.37601","1.26E-15"
"9461.231423","3.57E-16"
"9463.086835","4.10E-16"
"9464.942248","5.11E-16"
"9466.79766","2.86E-16"
"9468.653073","1.17E-15"
"9470.508485","1.74E-15"
"9472.363898","1.17E-15"
"9474.21931","7.58E-16"
"9476.074723","9.27E-16"
"9477.930135","8.95E-16"
"9479.785548","7.47E-16"
"9481.64096","8.21E-16"
"9483.496373","1.15E-15"
"9485.351785","1.15E-15"
"9487.207198","6.35E-16"
"9489.06261","5.09E-16"
"9490.918023","1.11E-15"
"9492.773435","7.49E-16"
"9494.628848","-1.03E-16"
"9496.48426","2.33E-16"
"9498.339673","1.43E-15"
"9500.195085","1.48E-15"
"9502.050498","1.21E-15"
"9503.90591","1.02E-15"
"9505.761323","7.28E-16"
"9507.616735","5.58E-16"
"9509.472148","7.25E-16"
"9511.32756","5.01E-16"
"9513.182973","8.29E-16"
"9515.038385","1.19E-15"
"9516.893798","8.18E-16"
"9518.74921","1.35E-15"
"9520.604623","5.18E-16"
"9522.460035","1.59E-15"
"9524.315448","7.55E-15"
"9526.17086","1.57E-14"
"9528.026273","1.99E-14"
"9529.881685","1.82E-14"
"9531.737098","1.16E-14"
"9533.59251","4.76E-15"
"9535.447923","1.47E-15"
"9537.303335","1.22E-15"
"9539.158748","1.91E-15"
"9541.01416","3.16E-15"
"9542.869573","3.80E-15"
"9544.724985","3.48E-15"
"9546.580398","2.84E-15"
"9548.43581","9.60E-16"
"9550.291223","2.77E-16"
"9552.146635","6.85E-16"
"9554.002048","6.16E-16"
"9555.85746","2.76E-16"
"9557.712873","1.09E-15"
"9559.568285","8.73E-16"
"9561.423698","4.84E-16"
"9563.27911","4.51E-16"
"9565.134523","4.19E-16"
"9566.989935","1.07E-15"
"9568.845348","9.29E-16"
"9570.70076","3.98E-16"
"9572.556173","5.34E-16"
"9574.411585","1.10E-15"
"9576.266998","9.49E-16"
"9578.12241","3.28E-16"
"9579.977823","1.78E-16"
"9581.833235","3.29E-16"
"9583.688648","4.66E-16"
"9585.54406","7.68E-16"
"9587.399473","6.54E-16"
"9589.254885","4.39E-16"
"9591.110298","2.99E-16"
"9592.96571","1.21E-16"
"9594.821123","-3.76E-17"
"9596.676535","1.44E-16"
"9598.531948","5.17E-16"
"9600.38736","3.53E-16"
"9602.242773","1.26E-16"
"9604.098185","4.92E-16"
"9605.953598","4.86E-16"
"9607.80901","5.61E-16"
"9609.664423","2.78E-16"
"9611.519835","2.65E-16"
"9613.375248","7.48E-16"
"9615.23066","3.74E-16"
"9617.086073","5.72E-16"
"9618.941485","6.13E-16"
"9620.796898","5.39E-16"
"9622.65231","6.46E-16"
"9624.507723","3.36E-16"
"9626.363135","2.16E-16"
"9628.218548","6.19E-16"
"9630.07396","5.08E-16"
"9631.929373","1.94E-17"
"9633.784785","2.80E-16"
"9635.640198","1.03E-16"
"9637.49561","2.70E-16"
"9639.351023","5.04E-16"
"9641.206435","3.17E-16"
"9643.061848","2.55E-16"
"9644.91726","9.05E-16"
"9646.772673","1.09E-15"
"9648.628085","8.34E-16"
"9650.483497","6.22E-16"
"9652.33891","4.59E-16"
"9654.194322","3.25E-16"
"9656.049735","7.05E-16"
"9657.905147","8.60E-16"
"9659.76056","4.94E-16"
"9661.615972","2.69E-16"
"9663.471385","6.28E-16"
"9665.326797","8.15E-16"
"9667.18221","2.67E-16"
"9669.037622","5.97E-16"
"9670.893035","1.62E-15"
"9672.748447","9.87E-16"
"9674.60386","2.45E-16"
"9676.459272","1.33E-16"
"9678.314685","4.50E-16"
"9680.170097","5.74E-16"
"9682.02551","2.08E-16"
"9683.880922","-9.95E-17"
"9685.736335","2.45E-16"
"9687.591747","3.39E-16"
"9689.44716","2.76E-16"
"9691.302572","7.16E-16"
"9693.157985","7.76E-16"
"9695.013397","7.98E-16"
"9696.86881","4.20E-16"
"9698.724222","-5.54E-17"
"9700.579635","5.94E-18"
"9702.435047","3.56E-16"
"9704.29046","7.64E-16"
"9706.145872","1.03E-15"
"9708.001285","7.28E-16"
"9709.856697","2.96E-16"
"9711.71211","7.43E-16"
"9713.567522","1.15E-15"
"9715.422935","6.57E-16"
"9717.278347","3.54E-16"
"9719.13376","9.47E-16"
"9720.989172","1.31E-15"
"9722.844585","8.18E-16"
"9724.699997","6.17E-16"
"9726.55541","3.43E-16"
"9728.410822","-2.48E-17"
"9730.266235","3.41E-16"
"9732.121647","9.57E-16"
"9733.97706","8.76E-16"
"9735.832472","5.03E-16"
"9737.687885","2.97E-16"
"9739.543297","2.32E-16"
"9741.39871","3.11E-16"
"9743.254122","2.22E-16"
"9745.109535","7.19E-17"
"9746.964947","-6.10E-17"
"9748.82036","-1.43E-16"
"9750.675772","4.49E-17"
"9752.531185","5.84E-16"
"9754.386597","8.72E-16"
"9756.24201","9.26E-16"
"9758.097422","9.38E-16"
"9759.952835","9.63E-16"
"9761.808247","1.50E-15"
"9763.66366","9.80E-16"
"9765.519072","1.72E-16"
"9767.374485","2.57E-16"
"9769.229897","7.02E-16"
"9771.08531","7.61E-16"
"9772.940722","8.90E-16"
"9774.796135","-1.62E-16"
"9776.651547","-4.66E-16"
"9778.50696","1.03E-15"
"9780.362372","-1.77E-16"
"9782.217785","1.27E-16"
"9784.073197","1.67E-15"
"9785.92861","1.21E-15"
"9787.784022","-6.47E-16"
"9789.639435","1.10E-16"
"9791.494847","7.16E-16"
"9793.35026","9.07E-16"
"9795.205672","6.75E-16"
"9797.061085","5.92E-16"
"9798.916497","1.42E-15"
"9800.77191","7.01E-16"
"9802.627322","1.27E-16"
"9804.482735","8.62E-16"
"9806.338147","1.68E-15"
"9808.19356","1.39E-15"
"9810.048972","1.16E-15"
"9811.904385","1.02E-15"
"9813.759797","1.23E-16"
"9815.61521","-4.13E-16"
"9817.470622","5.12E-16"
"9819.326035","7.43E-16"
"9821.181447","9.10E-16"
"9823.03686","1.20E-15"
"9824.892272","1.55E-15"
"9826.747685","1.69E-15"
"9828.603097","1.09E-15"
"9830.45851","5.63E-16"
"9832.313922","-6.10E-17"
"9834.169335","-3.66E-16"
"9836.024747","-1.10E-16"
"9837.88016","-1.38E-16"
"9839.735572","-2.54E-16"
"9841.590985","6.52E-16"
"9843.446397","1.00E-15"
"9845.30181","2.61E-16"
"9847.157222","4.21E-16"
"9849.012635","7.51E-16"
"9850.868047","8.85E-16"
"9852.72346","1.05E-15"
"9854.578872","1.24E-15"
"9856.434285","8.95E-16"
"9858.289697","-1.32E-16"
"9860.14511","-3.15E-16"
"9862.000522","8.54E-16"
"9863.855935","1.23E-15"
"9865.711347","2.19E-16"
"9867.56676","8.97E-16"
"9869.422172","2.33E-16"
"9871.277585","7.68E-16"
"9873.132997","1.53E-15"
"9874.98841","3.94E-16"
"9876.843822","4.54E-16"
"9878.699235","1.52E-15"
"9880.554647","2.12E-15"
"9882.41006","1.75E-15"
"9884.265472","1.05E-15"
"9886.120884","7.39E-16"
"9887.976297","1.04E-15"
"9889.831709","1.10E-15"
"9891.687122","3.02E-16"
"9893.542534","-3.07E-16"
"9895.397947","3.81E-16"
"9897.253359","8.37E-16"
"9899.108772","1.10E-15"
"9900.964184","1.24E-15"
"9902.819597","1.07E-15"
"9904.675009","8.57E-16"
"9906.530422","1.28E-15"
"9908.385834","1.35E-15"
"9910.241247","5.01E-16"
"9912.096659","-6.08E-16"
"9913.952072","-4.88E-16"
"9915.807484","9.98E-16"
"9917.662897","3.67E-16"
"9919.518309","4.83E-16"
"9921.373722","1.92E-15"
"9923.229134","2.45E-15"
"9925.084547","1.84E-15"
"9926.939959","6.22E-16"
"9928.795372","-1.78E-16"
"9930.650784","6.23E-16"
"9932.506197","1.66E-15"
"9934.361609","6.42E-16"
"9936.217022","-3.91E-17"
"9938.072434","5.73E-16"
"9939.927847","2.28E-15"
"9941.783259","2.57E-15"
"9943.638672","3.71E-16"
